query_id,arm,ndcg@10,recall@5,recall@10,recall@100,mrr@10
10034,bm25,0.000000,0.000000,0.000000,0.500000,0.000000
10034,dense,0.204382,0.000000,0.500000,0.500000,0.142857
10034,rrf,0.237198,0.500000,0.500000,0.500000,0.200000
10034,rrf_rerank,0.218407,0.000000,0.500000,0.500000,0.166667
10039,bm25,0.000000,0.000000,0.000000,1.000000,0.000000
10039,dense,1.000000,1.000000,1.000000,1.000000,1.000000
10039,rrf,0.315465,0.000000,1.000000,1.000000,0.125000
10039,rrf_rerank,1.000000,1.000000,1.000000,1.000000,1.000000
10109,bm25,0.393259,0.285714,0.285714,0.285714,1.000000
10109,dense,0.412314,0.285714,0.285714,0.428571,1.000000
10109,rrf,0.448304,0.285714,0.285714,0.428571,1.000000
10109,rrf_rerank,0.448304,0.285714,0.285714,0.428571,1.000000
10122,bm25,0.112845,0.000000,0.250000,0.250000,0.100000
10122,dense,0.195190,0.250000,0.250000,0.750000,0.333333
10122,rrf,0.246302,0.250000,0.250000,0.750000,0.500000
10122,rrf_rerank,0.390380,0.250000,0.250000,0.750000,1.000000
10136,bm25,0.000000,0.000000,0.000000,0.333333,0.000000
10136,dense,0.141267,0.000000,0.333333,0.333333,0.111111
10136,rrf,0.000000,0.000000,0.000000,0.333333,0.000000
10136,rrf_rerank,0.000000,0.000000,0.000000,0.333333,0.000000
10137,bm25,0.000000,0.000000,0.000000,1.000000,0.000000
10137,dense,0.430677,1.000000,1.000000,1.000000,0.250000
10137,rrf,0.356207,0.000000,1.000000,1.000000,0.166667
10137,rrf_rerank,0.386853,1.000000,1.000000,1.000000,0.200000
10152,bm25,0.500000,1.000000,1.000000,1.000000,0.333333
10152,dense,1.000000,1.000000,1.000000,1.000000,1.000000
10152,rrf,0.630930,1.000000,1.000000,1.000000,0.500000
10152,rrf_rerank,1.000000,1.000000,1.000000,1.000000,1.000000
10183,bm25,0.000000,0.000000,0.000000,0.000000,0.000000
10183,dense,0.184576,0.000000,0.500000,0.500000,0.111111
10183,rrf,0.000000,0.000000,0.000000,0.500000,0.000000
10183,rrf_rerank,0.204382,0.000000,0.500000,0.500000,0.142857
10213,bm25,0.202107,0.333333,0.333333,0.666667,0.250000
10213,dense,0.000000,0.000000,0.000000,0.666667,0.000000
10213,rrf,0.234639,0.333333,0.333333,0.333333,0.333333
10213,rrf_rerank,0.000000,0.000000,0.000000,0.333333,0.000000
10246,bm25,0.000000,0.000000,0.000000,0.000000,0.000000
10246,dense,0.000000,0.000000,0.000000,0.500000,0.000000
10246,rrf,0.000000,0.000000,0.000000,0.500000,0.000000
10246,rrf_rerank,0.000000,0.000000,0.000000,0.500000,0.000000
10267,bm25,0.000000,0.000000,0.000000,0.400000,0.000000
10267,dense,0.146068,0.200000,0.200000,0.200000,0.250000
10267,rrf,0.169580,0.200000,0.200000,0.200000,0.333333
10267,rrf_rerank,0.102097,0.000000,0.200000,0.200000,0.111111
104,bm25,0.000000,0.000000,0.000000,0.500000,0.000000
104,dense,0.613147,0.500000,0.500000,0.500000,1.000000
104,rrf,0.613147,0.500000,0.500000,0.500000,1.000000
104,rrf_rerank,0.613147,0.500000,0.500000,0.500000,1.000000
10414,bm25,0.613147,0.500000,0.500000,1.000000,1.000000
10414,dense,0.831555,0.500000,1.000000,1.000000,1.000000
10414,rrf,0.919721,1.000000,1.000000,1.000000,1.000000
10414,rrf_rerank,0.877215,1.000000,1.000000,1.000000,1.000000
10447,bm25,0.148041,0.000000,0.333333,0.333333,0.125000
10447,dense,0.234639,0.333333,0.333333,0.333333,0.333333
10447,rrf,0.234639,0.333333,0.333333,0.333333,0.333333
10447,rrf_rerank,0.000000,0.000000,0.000000,0.333333,0.000000
10462,bm25,0.000000,0.000000,0.000000,0.000000,0.000000
10462,dense,0.000000,0.000000,0.000000,0.166667,0.000000
10462,rrf,0.000000,0.000000,0.000000,0.000000,0.000000
10462,rrf_rerank,0.000000,0.000000,0.000000,0.000000,0.000000
10482,bm25,0.000000,0.000000,0.000000,0.000000,0.000000
10482,dense,0.000000,0.000000,0.000000,0.000000,0.000000
10482,rrf,0.000000,0.000000,0.000000,0.000000,0.000000
10482,rrf_rerank,0.000000,0.000000,0.000000,0.000000,0.000000
10497,bm25,0.399569,0.200000,0.300000,0.600000,1.000000
10497,dense,0.494357,0.300000,0.400000,0.900000,1.000000
10497,rrf,0.492006,0.200000,0.400000,0.900000,1.000000
10497,rrf_rerank,0.535254,0.300000,0.400000,0.900000,1.000000
10526,bm25,0.000000,0.000000,0.000000,0.500000,0.000000
10526,dense,0.264068,0.500000,0.500000,1.000000,0.250000
10526,rrf,0.218407,0.000000,0.500000,0.500000,0.166667
10526,rrf_rerank,0.000000,0.000000,0.000000,0.500000,0.000000
10547,bm25,0.000000,0.000000,0.000000,0.000000,0.000000
10547,dense,0.000000,0.000000,0.000000,0.000000,0.000000
10547,rrf,0.000000,0.000000,0.000000,0.000000,0.000000
10547,rrf_rerank,0.000000,0.000000,0.000000,0.000000,0.000000
10558,bm25,0.000000,0.000000,0.000000,0.500000,0.000000
10558,dense,1.000000,1.000000,1.000000,1.000000,1.000000
10558,rrf,0.306574,0.500000,0.500000,1.000000,0.333333
10558,rrf_rerank,0.306574,0.500000,0.500000,1.000000,0.333333
10596,bm25,0.945635,0.600000,1.000000,1.000000,1.000000
10596,dense,0.812268,0.600000,0.800000,1.000000,1.000000
10596,rrf,0.956591,0.600000,1.000000,1.000000,1.000000
10596,rrf_rerank,0.989606,0.800000,1.000000,1.000000,1.000000
106,bm25,0.000000,0.000000,0.000000,0.000000,0.000000
106,dense,0.630930,1.000000,1.000000,1.000000,0.500000
106,rrf,0.000000,0.000000,0.000000,1.000000,0.000000
106,rrf_rerank,0.000000,0.000000,0.000000,1.000000,0.000000
10601,bm25,1.000000,1.000000,1.000000,1.000000,1.000000
10601,dense,1.000000,1.000000,1.000000,1.000000,1.000000
10601,rrf,1.000000,1.000000,1.000000,1.000000,1.000000
10601,rrf_rerank,1.000000,1.000000,1.000000,1.000000,1.000000
10628,bm25,0.000000,0.000000,0.000000,1.000000,0.000000
10628,dense,0.333333,0.000000,1.000000,1.000000,0.142857
10628,rrf,0.000000,0.000000,0.000000,1.000000,0.000000
10628,rrf_rerank,0.000000,0.000000,0.000000,1.000000,0.000000
10639,bm25,0.000000,0.000000,0.000000,0.200000,0.000000
10639,dense,0.113053,0.000000,0.200000,0.200000,0.142857
10639,rrf,0.169580,0.200000,0.200000,0.200000,0.333333
10639,rrf_rerank,0.339160,0.200000,0.200000,0.200000,1.000000
10645,bm25,0.264068,0.500000,0.500000,0.500000,0.250000
10645,dense,0.237198,0.500000,0.500000,1.000000,0.200000
10645,rrf,0.613147,0.500000,0.500000,1.000000,1.000000
10645,rrf_rerank,0.510956,0.500000,1.000000,1.000000,0.333333
10674,bm25,0.390380,0.250000,0.250000,1.000000,1.000000
10674,dense,0.736590,0.750000,0.750000,1.000000,1.000000
10674,rrf,0.789042,0.500000,1.000000,1.000000,1.000000
10674,rrf_rerank,0.385359,0.250000,0.500000,1.000000,0.500000
10710,bm25,0.000000,0.000000,0.000000,1.000000,0.000000
10710,dense,0.500000,1.000000,1.000000,1.000000,0.333333
10710,rrf,0.301030,0.000000,1.000000,1.000000,0.111111
10710,rrf_rerank,0.630930,1.000000,1.000000,1.000000,0.500000
10734,bm25,0.588984,0.333333,0.500000,0.666667,1.000000
10734,dense,0.963487,0.666667,1.000000,1.000000,1.000000
10734,rrf,0.752614,0.500000,0.666667,1.000000,1.000000
10734,rrf_rerank,0.958080,0.666667,1.000000,1.000000,1.000000
1074,bm25,0.000000,0.000000,0.000000,0.000000,0.000000
1074,dense,1.000000,1.000000,1.000000,1.000000,1.000000
1074,rrf,0.000000,0.000000,0.000000,1.000000,0.000000
1074,rrf_rerank,1.000000,1.000000,1.000000,1.000000,1.000000
10792,bm25,0.193426,0.000000,0.500000,1.000000,0.125000
10792,dense,0.693426,1.000000,1.000000,1.000000,0.500000
10792,rrf,0.457495,0.500000,1.000000,1.000000,0.250000
10792,rrf_rerank,0.501266,1.000000,1.000000,1.000000,0.250000
10808,bm25,0.000000,0.000000,0.000000,0.000000,0.000000
10808,dense,0.202107,0.333333,0.333333,1.000000,0.250000
10808,rrf,0.000000,0.000000,0.000000,1.000000,0.000000
10808,rrf_rerank,0.000000,0.000000,0.000000,1.000000,0.000000
10809,bm25,0.181542,0.333333,0.333333,0.666667,0.200000
10809,dense,0.469279,0.333333,0.333333,1.000000,1.000000
10809,rrf,0.469279,0.333333,0.333333,1.000000,1.000000
10809,rrf_rerank,0.469279,0.333333,0.333333,1.000000,1.000000
10812,bm25,0.970929,0.750000,1.000000,1.000000,1.000000
10812,dense,0.766809,0.500000,0.750000,1.000000,1.000000
10812,rrf,0.961999,0.750000,1.000000,1.000000,1.000000
10812,rrf_rerank,0.934937,0.750000,1.000000,1.000000,1.000000
10827,bm25,0.000000,0.000000,0.000000,0.000000,0.000000
10827,dense,0.000000,0.000000,0.000000,0.200000,0.000000
10827,rrf,0.000000,0.000000,0.000000,0.200000,0.000000
10827,rrf_rerank,0.000000,0.000000,0.000000,0.200000,0.000000
10845,bm25,1.000000,1.000000,1.000000,1.000000,1.000000
10845,dense,1.000000,1.000000,1.000000,1.000000,1.000000
10845,rrf,1.000000,1.000000,1.000000,1.000000,1.000000
10845,rrf_rerank,1.000000,1.000000,1.000000,1.000000,1.000000
1085,bm25,0.000000,0.000000,0.000000,0.000000,0.000000
1085,dense,0.000000,0.000000,0.000000,0.500000,0.000000
1085,rrf,0.000000,0.000000,0.000000,0.000000,0.000000
1085,rrf_rerank,0.000000,0.000000,0.000000,0.000000,0.000000
109,bm25,0.356207,0.000000,1.000000,1.000000,0.166667
109,dense,1.000000,1.000000,1.000000,1.000000,1.000000
109,rrf,1.000000,1.000000,1.000000,1.000000,1.000000
109,rrf_rerank,1.000000,1.000000,1.000000,1.000000,1.000000
1090,bm25,0.000000,0.000000,0.000000,0.000000,0.000000
1090,dense,0.000000,0.000000,0.000000,0.500000,0.000000
1090,rrf,0.000000,0.000000,0.000000,0.500000,0.000000
1090,rrf_rerank,0.000000,0.000000,0.000000,0.500000,0.000000
10912,bm25,0.000000,0.000000,0.000000,0.000000,0.000000
10912,dense,0.000000,0.000000,0.000000,1.000000,0.000000
10912,rrf,0.000000,0.000000,0.000000,0.000000,0.000000
10912,rrf_rerank,0.000000,0.000000,0.000000,0.000000,0.000000
10932,bm25,1.000000,1.000000,1.000000,1.000000,1.000000
10932,dense,1.000000,1.000000,1.000000,1.000000,1.000000
10932,rrf,1.000000,1.000000,1.000000,1.000000,1.000000
10932,rrf_rerank,1.000000,1.000000,1.000000,1.000000,1.000000
10975,bm25,0.000000,0.000000,0.000000,1.000000,0.000000
10975,dense,0.000000,0.000000,0.000000,0.000000,0.000000
10975,rrf,0.000000,0.000000,0.000000,0.000000,0.000000
10975,rrf_rerank,0.000000,0.000000,0.000000,0.000000,0.000000
10979,bm25,0.441492,0.500000,0.500000,0.750000,0.500000
10979,dense,0.585570,0.500000,0.500000,0.750000,1.000000
10979,rrf,0.585570,0.500000,0.500000,0.750000,1.000000
10979,rrf_rerank,0.541400,0.500000,0.500000,0.750000,1.000000
10994,bm25,0.483813,0.500000,1.000000,1.000000,0.333333
10994,dense,0.218407,0.000000,0.500000,1.000000,0.166667
10994,rrf,0.430624,0.500000,1.000000,1.000000,0.200000
10994,rrf_rerank,0.510956,0.500000,1.000000,1.000000,0.333333
11039,bm25,0.126471,0.125000,0.125000,0.625000,0.333333
11039,dense,0.413400,0.125000,0.375000,0.500000,1.000000
11039,rrf,0.252943,0.125000,0.125000,0.625000,1.000000
11039,rrf_rerank,0.000000,0.000000,0.000000,0.625000,0.000000
11054,bm25,1.000000,1.000000,1.000000,1.000000,1.000000
11054,dense,1.000000,1.000000,1.000000,1.000000,1.000000
11054,rrf,1.000000,1.000000,1.000000,1.000000,1.000000
11054,rrf_rerank,1.000000,1.000000,1.000000,1.000000,1.000000
11088,bm25,0.000000,0.000000,0.000000,1.000000,0.000000
11088,dense,1.000000,1.000000,1.000000,1.000000,1.000000
11088,rrf,0.500000,1.000000,1.000000,1.000000,0.333333
11088,rrf_rerank,0.386853,1.000000,1.000000,1.000000,0.200000
1150,bm25,0.000000,0.000000,0.000000,0.000000,0.000000
1150,dense,0.000000,0.000000,0.000000,0.500000,0.000000
1150,rrf,0.000000,0.000000,0.000000,0.250000,0.000000
1150,rrf_rerank,0.000000,0.000000,0.000000,0.250000,0.000000
1157,bm25,0.386853,0.500000,0.500000,0.500000,0.500000
1157,dense,0.386853,0.500000,0.500000,0.500000,0.500000
1157,rrf,0.613147,0.500000,0.500000,0.500000,1.000000
1157,rrf_rerank,0.613147,0.500000,0.500000,0.500000,1.000000
1159,bm25,0.000000,0.000000,0.000000,0.000000,0.000000
1159,dense,0.000000,0.000000,0.000000,0.000000,0.000000
1159,rrf,0.000000,0.000000,0.000000,0.000000,0.000000
1159,rrf_rerank,0.000000,0.000000,0.000000,0.000000,0.000000
1198,bm25,1.000000,1.000000,1.000000,1.000000,1.000000
1198,dense,1.000000,1.000000,1.000000,1.000000,1.000000
1198,rrf,1.000000,1.000000,1.000000,1.000000,1.000000
1198,rrf_rerank,0.630930,1.000000,1.000000,1.000000,0.500000
1230,bm25,0.000000,0.000000,0.000000,0.000000,0.000000
1230,dense,0.500000,1.000000,1.000000,1.000000,0.333333
1230,rrf,0.000000,0.000000,0.000000,1.000000,0.000000
1230,rrf_rerank,0.000000,0.000000,0.000000,1.000000,0.000000
1281,bm25,0.000000,0.000000,0.000000,1.000000,0.000000
1281,dense,1.000000,1.000000,1.000000,1.000000,1.000000
1281,rrf,0.315465,0.000000,1.000000,1.000000,0.125000
1281,rrf_rerank,0.430677,1.000000,1.000000,1.000000,0.250000
1284,bm25,1.000000,1.000000,1.000000,1.000000,1.000000
1284,dense,0.630930,1.000000,1.000000,1.000000,0.500000
1284,rrf,1.000000,1.000000,1.000000,1.000000,1.000000
1284,rrf_rerank,1.000000,1.000000,1.000000,1.000000,1.000000
1297,bm25,0.301030,0.000000,1.000000,1.000000,0.111111
1297,dense,0.630930,1.000000,1.000000,1.000000,0.500000
1297,rrf,1.000000,1.000000,1.000000,1.000000,1.000000
1297,rrf_rerank,1.000000,1.000000,1.000000,1.000000,1.000000
1306,bm25,0.529436,0.250000,0.500000,0.500000,1.000000
1306,dense,0.000000,0.000000,0.000000,0.250000,0.000000
1306,rrf,0.390380,0.250000,0.250000,0.500000,1.000000
1306,rrf_rerank,0.390380,0.250000,0.250000,0.500000,1.000000
1309,bm25,0.230361,0.000000,0.500000,0.500000,0.111111
1309,dense,0.787702,0.750000,0.750000,0.750000,1.000000
1309,rrf,0.636682,0.500000,0.500000,0.750000,1.000000
1309,rrf_rerank,0.319147,0.500000,0.500000,0.750000,0.250000
1310,bm25,1.000000,1.000000,1.000000,1.000000,1.000000
1310,dense,0.315465,0.000000,1.000000,1.000000,0.125000
1310,rrf,0.500000,1.000000,1.000000,1.000000,0.333333
1310,rrf_rerank,1.000000,1.000000,1.000000,1.000000,1.000000
1321,bm25,0.000000,0.000000,0.000000,0.000000,0.000000
1321,dense,0.000000,0.000000,0.000000,0.500000,0.000000
1321,rrf,0.000000,0.000000,0.000000,0.000000,0.000000
1321,rrf_rerank,0.000000,0.000000,0.000000,0.000000,0.000000
1322,bm25,0.000000,0.000000,0.000000,0.000000,0.000000
1322,dense,0.390380,0.250000,0.250000,0.250000,1.000000
1322,rrf,0.123151,0.000000,0.250000,0.250000,0.125000
1322,rrf_rerank,0.139056,0.000000,0.250000,0.250000,0.166667
1391,bm25,0.000000,0.000000,0.000000,0.000000,0.000000
1391,dense,0.141267,0.000000,0.333333,0.666667,0.111111
1391,rrf,0.000000,0.000000,0.000000,0.666667,0.000000
1391,rrf_rerank,0.234639,0.333333,0.333333,0.666667,0.333333
1393,bm25,0.087472,0.000000,0.166667,0.500000,0.100000
1393,dense,0.493523,0.333333,0.333333,0.666667,1.000000
1393,rrf,0.190921,0.166667,0.166667,0.666667,0.500000
1393,rrf_rerank,0.281625,0.333333,0.333333,0.666667,0.333333
1415,bm25,1.000000,1.000000,1.000000,1.000000,1.000000
1415,dense,0.970929,0.750000,1.000000,1.000000,1.000000
1415,rrf,1.000000,1.000000,1.000000,1.000000,1.000000
1415,rrf_rerank,0.970929,0.750000,1.000000,1.000000,1.000000
1416,bm25,0.000000,0.000000,0.000000,1.000000,0.000000
1416,dense,0.000000,0.000000,0.000000,1.000000,0.000000
1416,rrf,0.000000,0.000000,0.000000,1.000000,0.000000
1416,rrf_rerank,0.000000,0.000000,0.000000,1.000000,0.000000
1441,bm25,0.943866,0.750000,1.000000,1.000000,1.000000
1441,dense,1.000000,1.000000,1.000000,1.000000,1.000000
1441,rrf,1.000000,1.000000,1.000000,1.000000,1.000000
1441,rrf_rerank,0.910853,0.750000,1.000000,1.000000,1.000000
1451,bm25,0.500000,1.000000,1.000000,1.000000,0.333333
1451,dense,1.000000,1.000000,1.000000,1.000000,1.000000
1451,rrf,1.000000,1.000000,1.000000,1.000000,1.000000
1451,rrf_rerank,1.000000,1.000000,1.000000,1.000000,1.000000
1469,bm25,0.630930,1.000000,1.000000,1.000000,0.500000
1469,dense,0.630930,1.000000,1.000000,1.000000,0.500000
1469,rrf,1.000000,1.000000,1.000000,1.000000,1.000000
1469,rrf_rerank,0.630930,1.000000,1.000000,1.000000,0.500000
15,bm25,0.000000,0.000000,0.000000,1.000000,0.000000
15,dense,1.000000,1.000000,1.000000,1.000000,1.000000
15,rrf,0.500000,1.000000,1.000000,1.000000,0.333333
15,rrf_rerank,1.000000,1.000000,1.000000,1.000000,1.000000
1530,bm25,0.000000,0.000000,0.000000,0.666667,0.000000
1530,dense,0.671988,0.666667,1.000000,1.000000,0.500000
1530,rrf,0.477624,0.666667,0.666667,1.000000,0.500000
1530,rrf_rerank,0.530721,0.666667,0.666667,1.000000,0.500000
1670,bm25,0.765361,0.666667,0.666667,0.666667,1.000000
1670,dense,0.765361,0.666667,0.666667,0.666667,1.000000
1670,rrf,0.765361,0.666667,0.666667,0.666667,1.000000
1670,rrf_rerank,0.765361,0.666667,0.666667,0.666667,1.000000
1676,bm25,0.585570,0.500000,0.500000,1.000000,1.000000
1676,dense,0.654245,0.500000,0.750000,1.000000,1.000000
1676,rrf,0.703086,0.500000,0.750000,1.000000,1.000000
1676,rrf_rerank,0.697564,0.500000,0.750000,1.000000,1.000000
1736,bm25,0.508740,0.400000,0.400000,0.400000,1.000000
1736,dense,0.213986,0.200000,0.200000,0.600000,0.500000
1736,rrf,0.485229,0.400000,0.400000,0.600000,1.000000
1736,rrf_rerank,0.485229,0.400000,0.400000,0.600000,1.000000
1748,bm25,0.234639,0.333333,0.333333,0.666667,0.333333
1748,dense,0.671386,0.666667,0.666667,1.000000,1.000000
1748,rrf,0.703918,0.666667,0.666667,1.000000,1.000000
1748,rrf_rerank,0.610546,0.333333,0.666667,1.000000,1.000000
1783,bm25,0.000000,0.000000,0.000000,0.000000,0.000000
1783,dense,0.000000,0.000000,0.000000,0.000000,0.000000
1783,rrf,0.000000,0.000000,0.000000,0.000000,0.000000
1783,rrf_rerank,0.000000,0.000000,0.000000,0.000000,0.000000
18,bm25,0.000000,0.000000,0.000000,1.000000,0.000000
18,dense,1.000000,1.000000,1.000000,1.000000,1.000000
18,rrf,0.430677,1.000000,1.000000,1.000000,0.250000
18,rrf_rerank,0.000000,0.000000,0.000000,1.000000,0.000000
1812,bm25,0.613147,0.500000,0.500000,0.500000,1.000000
1812,dense,0.193426,0.000000,0.500000,1.000000,0.125000
1812,rrf,0.613147,0.500000,0.500000,1.000000,1.000000
1812,rrf_rerank,0.613147,0.500000,0.500000,1.000000,1.000000
1815,bm25,1.000000,1.000000,1.000000,1.000000,1.000000
1815,dense,1.000000,1.000000,1.000000,1.000000,1.000000
1815,rrf,1.000000,1.000000,1.000000,1.000000,1.000000
1815,rrf_rerank,1.000000,1.000000,1.000000,1.000000,1.000000
1819,bm25,0.000000,0.000000,0.000000,0.000000,0.000000
1819,dense,0.242394,0.166667,0.333333,1.000000,0.333333
1819,rrf,0.000000,0.000000,0.000000,1.000000,0.000000
1819,rrf_rerank,0.302602,0.166667,0.166667,1.000000,1.000000
1824,bm25,0.000000,0.000000,0.000000,1.000000,0.000000
1824,dense,0.630930,1.000000,1.000000,1.000000,0.500000
1824,rrf,0.301030,0.000000,1.000000,1.000000,0.111111
1824,rrf_rerank,0.000000,0.000000,0.000000,1.000000,0.000000
1826,bm25,0.831872,0.750000,0.750000,1.000000,1.000000
1826,dense,0.949389,0.750000,1.000000,1.000000,1.000000
1826,rrf,1.000000,1.000000,1.000000,1.000000,1.000000
1826,rrf_rerank,1.000000,1.000000,1.000000,1.000000,1.000000
1832,bm25,0.500000,1.000000,1.000000,1.000000,0.333333
1832,dense,1.000000,1.000000,1.000000,1.000000,1.000000
1832,rrf,1.000000,1.000000,1.000000,1.000000,1.000000
1832,rrf_rerank,0.430677,1.000000,1.000000,1.000000,0.250000
1871,bm25,0.390380,0.250000,0.250000,1.000000,1.000000
1871,dense,0.697564,0.500000,0.750000,1.000000,1.000000
1871,rrf,0.541400,0.500000,0.500000,1.000000,1.000000
1871,rrf_rerank,0.822372,0.750000,1.000000,1.000000,1.000000
1877,bm25,1.000000,1.000000,1.000000,1.000000,1.000000
1877,dense,1.000000,1.000000,1.000000,1.000000,1.000000
1877,rrf,1.000000,1.000000,1.000000,1.000000,1.000000
1877,rrf_rerank,1.000000,1.000000,1.000000,1.000000,1.000000
1889,bm25,0.000000,0.000000,0.000000,0.000000,0.000000
1889,dense,0.000000,0.000000,0.000000,0.000000,0.000000
1889,rrf,0.000000,0.000000,0.000000,0.000000,0.000000
1889,rrf_rerank,0.000000,0.000000,0.000000,0.000000,0.000000
1915,bm25,0.237198,0.500000,0.500000,0.500000,0.200000
1915,dense,0.693426,1.000000,1.000000,1.000000,0.500000
1915,rrf,0.613147,0.500000,0.500000,1.000000,1.000000
1915,rrf_rerank,0.264068,0.500000,0.500000,1.000000,0.250000
1920,bm25,0.000000,0.000000,0.000000,0.000000,0.000000
1920,dense,0.430677,1.000000,1.000000,1.000000,0.250000
1920,rrf,0.000000,0.000000,0.000000,1.000000,0.000000
1920,rrf_rerank,0.000000,0.000000,0.000000,1.000000,0.000000
1933,bm25,1.000000,1.000000,1.000000,1.000000,1.000000
1933,dense,1.000000,1.000000,1.000000,1.000000,1.000000
1933,rrf,1.000000,1.000000,1.000000,1.000000,1.000000
1933,rrf_rerank,1.000000,1.000000,1.000000,1.000000,1.000000
1948,bm25,0.500000,1.000000,1.000000,1.000000,0.333333
1948,dense,0.500000,1.000000,1.000000,1.000000,0.333333
1948,rrf,1.000000,1.000000,1.000000,1.000000,1.000000
1948,rrf_rerank,1.000000,1.000000,1.000000,1.000000,1.000000
1994,bm25,0.462152,0.400000,0.600000,0.800000,0.500000
1994,dense,0.218851,0.000000,0.400000,0.600000,0.166667
1994,rrf,0.383566,0.400000,0.400000,0.800000,0.500000
1994,rrf_rerank,0.402883,0.400000,0.600000,0.800000,0.333333
2010,bm25,0.296082,0.333333,0.333333,0.666667,0.500000
2010,dense,0.812653,0.666667,1.000000,1.000000,1.000000
2010,rrf,0.625705,0.333333,0.666667,1.000000,1.000000
2010,rrf_rerank,0.671386,0.666667,0.666667,1.000000,1.000000
2051,bm25,0.000000,0.000000,0.000000,0.000000,0.000000
2051,dense,0.000000,0.000000,0.000000,1.000000,0.000000
2051,rrf,0.000000,0.000000,0.000000,1.000000,0.000000
2051,rrf_rerank,0.000000,0.000000,0.000000,1.000000,0.000000
2070,bm25,0.296082,0.333333,0.333333,0.333333,0.500000
2070,dense,0.000000,0.000000,0.000000,0.666667,0.000000
2070,rrf,0.181542,0.333333,0.333333,0.666667,0.200000
2070,rrf_rerank,0.000000,0.000000,0.000000,0.666667,0.000000
2075,bm25,0.235046,0.111111,0.111111,0.222222,1.000000
2075,dense,0.522042,0.222222,0.444444,0.666667,1.000000
2075,rrf,0.232022,0.111111,0.222222,0.666667,0.500000
2075,rrf_rerank,0.218751,0.222222,0.222222,0.666667,0.333333
2076,bm25,0.000000,0.000000,0.000000,0.000000,0.000000
2076,dense,1.000000,1.000000,1.000000,1.000000,1.000000
2076,rrf,0.000000,0.000000,0.000000,1.000000,0.000000
2076,rrf_rerank,0.693426,1.000000,1.000000,1.000000,0.500000
2088,bm25,0.000000,0.000000,0.000000,0.500000,0.000000
2088,dense,0.000000,0.000000,0.000000,0.000000,0.000000
2088,rrf,0.000000,0.000000,0.000000,0.000000,0.000000
2088,rrf_rerank,0.000000,0.000000,0.000000,0.000000,0.000000
2108,bm25,0.000000,0.000000,0.000000,0.000000,0.000000
2108,dense,0.135652,0.000000,0.333333,1.000000,0.100000
2108,rrf,0.000000,0.000000,0.000000,1.000000,0.000000
2108,rrf_rerank,0.000000,0.000000,0.000000,1.000000,0.000000
2118,bm25,0.000000,0.000000,0.000000,0.000000,0.000000
2118,dense,0.000000,0.000000,0.000000,1.000000,0.000000
2118,rrf,0.000000,0.000000,0.000000,1.000000,0.000000
2118,rrf_rerank,0.000000,0.000000,0.000000,1.000000,0.000000
2154,bm25,0.000000,0.000000,0.000000,1.000000,0.000000
2154,dense,0.000000,0.000000,0.000000,1.000000,0.000000
2154,rrf,0.289065,0.000000,1.000000,1.000000,0.100000
2154,rrf_rerank,0.000000,0.000000,0.000000,1.000000,0.000000
2181,bm25,0.000000,0.000000,0.000000,0.000000,0.000000
2181,dense,0.000000,0.000000,0.000000,0.000000,0.000000
2181,rrf,0.000000,0.000000,0.000000,0.000000,0.000000
2181,rrf_rerank,0.000000,0.000000,0.000000,0.000000,0.000000
2183,bm25,0.302602,0.166667,0.166667,0.333333,1.000000
2183,dense,0.735917,0.500000,0.666667,1.000000,1.000000
2183,rrf,0.453904,0.333333,0.333333,1.000000,1.000000
2183,rrf_rerank,0.286381,0.166667,0.333333,1.000000,0.500000
2204,bm25,0.721169,0.500000,0.625000,0.625000,1.000000
2204,dense,0.909900,0.625000,0.875000,1.000000,1.000000
2204,rrf,0.895051,0.625000,0.875000,1.000000,1.000000
2204,rrf_rerank,0.825586,0.625000,0.750000,1.000000,1.000000
2264,bm25,0.386853,0.500000,0.500000,0.500000,0.500000
2264,dense,0.613147,0.500000,0.500000,1.000000,1.000000
2264,rrf,0.613147,0.500000,0.500000,1.000000,1.000000
2264,rrf_rerank,0.000000,0.000000,0.000000,1.000000,0.000000
2296,bm25,0.265820,0.222222,0.222222,0.333333,0.500000
2296,dense,0.313394,0.111111,0.222222,0.666667,1.000000
2296,rrf,0.352568,0.222222,0.222222,0.666667,1.000000
2296,rrf_rerank,0.426717,0.222222,0.333333,0.666667,1.000000
2306,bm25,0.613147,0.500000,0.500000,0.500000,1.000000
2306,dense,0.613147,0.500000,0.500000,0.500000,1.000000
2306,rrf,0.613147,0.500000,0.500000,0.500000,1.000000
2306,rrf_rerank,0.386853,0.500000,0.500000,0.500000,0.500000
2316,bm25,1.000000,1.000000,1.000000,1.000000,1.000000
2316,dense,1.000000,1.000000,1.000000,1.000000,1.000000
2316,rrf,1.000000,1.000000,1.000000,1.000000,1.000000
2316,rrf_rerank,1.000000,1.000000,1.000000,1.000000,1.000000
2318,bm25,0.000000,0.000000,0.000000,1.000000,0.000000
2318,dense,0.000000,0.000000,0.000000,1.000000,0.000000
2318,rrf,0.356207,0.000000,1.000000,1.000000,0.166667
2318,rrf_rerank,0.315465,0.000000,1.000000,1.000000,0.125000
2330,bm25,0.613147,0.500000,0.500000,0.500000,1.000000
2330,dense,0.919721,1.000000,1.000000,1.000000,1.000000
2330,rrf,0.613147,0.500000,0.500000,1.000000,1.000000
2330,rrf_rerank,0.613147,0.500000,0.500000,1.000000,1.000000
2334,bm25,0.296082,0.333333,0.333333,1.000000,0.500000
2334,dense,0.703918,0.666667,0.666667,1.000000,1.000000
2334,rrf,0.469279,0.333333,0.333333,1.000000,1.000000
2334,rrf_rerank,0.845185,0.666667,1.000000,1.000000,1.000000
2348,bm25,0.330138,0.133333,0.133333,0.466667,1.000000
2348,dense,0.384311,0.133333,0.200000,0.533333,1.000000
2348,rrf,0.627507,0.266667,0.333333,0.600000,1.000000
2348,rrf_rerank,0.502204,0.266667,0.333333,0.600000,0.500000
2376,bm25,0.553828,0.250000,0.500000,1.000000,1.000000
2376,dense,0.817834,0.500000,0.750000,1.000000,1.000000
2376,rrf,0.920205,0.625000,0.875000,1.000000,1.000000
2376,rrf_rerank,0.713417,0.375000,0.625000,1.000000,1.000000
2383,bm25,0.613147,0.500000,0.500000,0.500000,1.000000
2383,dense,0.613147,0.500000,0.500000,0.500000,1.000000
2383,rrf,0.613147,0.500000,0.500000,0.500000,1.000000
2383,rrf_rerank,0.613147,0.500000,0.500000,0.500000,1.000000
2384,bm25,0.000000,0.000000,0.000000,1.000000,0.000000
2384,dense,0.500000,1.000000,1.000000,1.000000,0.333333
2384,rrf,0.500000,1.000000,1.000000,1.000000,0.333333
2384,rrf_rerank,0.500000,1.000000,1.000000,1.000000,0.333333
2385,bm25,0.613147,0.500000,0.500000,0.500000,1.000000
2385,dense,0.613147,0.500000,0.500000,0.500000,1.000000
2385,rrf,0.613147,0.500000,0.500000,0.500000,1.000000
2385,rrf_rerank,0.613147,0.500000,0.500000,0.500000,1.000000
2388,bm25,1.000000,1.000000,1.000000,1.000000,1.000000
2388,dense,1.000000,1.000000,1.000000,1.000000,1.000000
2388,rrf,1.000000,1.000000,1.000000,1.000000,1.000000
2388,rrf_rerank,0.630930,1.000000,1.000000,1.000000,0.500000
2395,bm25,0.630930,1.000000,1.000000,1.000000,0.500000
2395,dense,0.301030,0.000000,1.000000,1.000000,0.111111
2395,rrf,0.500000,1.000000,1.000000,1.000000,0.333333
2395,rrf_rerank,0.386853,1.000000,1.000000,1.000000,0.200000
2398,bm25,0.000000,0.000000,0.000000,0.200000,0.000000
2398,dense,0.000000,0.000000,0.000000,0.400000,0.000000
2398,rrf,0.000000,0.000000,0.000000,0.200000,0.000000
2398,rrf_rerank,0.146068,0.200000,0.200000,0.200000,0.250000
2399,bm25,0.500000,1.000000,1.000000,1.000000,0.333333
2399,dense,1.000000,1.000000,1.000000,1.000000,1.000000
2399,rrf,1.000000,1.000000,1.000000,1.000000,1.000000
2399,rrf_rerank,1.000000,1.000000,1.000000,1.000000,1.000000
2400,bm25,0.202107,0.333333,0.333333,0.666667,0.250000
2400,dense,0.296082,0.333333,0.333333,0.666667,0.500000
2400,rrf,0.401800,0.333333,0.666667,0.666667,0.333333
2400,rrf_rerank,0.703918,0.666667,0.666667,0.666667,1.000000
2407,bm25,0.390380,0.250000,0.250000,0.250000,1.000000
2407,dense,0.000000,0.000000,0.000000,0.750000,0.000000
2407,rrf,0.195190,0.250000,0.250000,0.750000,0.333333
2407,rrf_rerank,0.246302,0.250000,0.250000,0.750000,0.500000
2416,bm25,0.529436,0.250000,0.500000,0.750000,1.000000
2416,dense,0.709527,0.750000,0.750000,1.000000,1.000000
2416,rrf,0.558508,0.500000,0.500000,1.000000,1.000000
2416,rrf_rerank,0.753698,0.750000,0.750000,1.000000,1.000000
2423,bm25,0.274876,0.142857,0.142857,0.714286,1.000000
2423,dense,0.279764,0.285714,0.285714,0.571429,0.500000
2423,rrf,0.412314,0.285714,0.285714,0.714286,1.000000
2423,rrf_rerank,0.361590,0.142857,0.285714,0.714286,1.000000
2443,bm25,0.000000,0.000000,0.000000,1.000000,0.000000
2443,dense,0.000000,0.000000,0.000000,1.000000,0.000000
2443,rrf,0.000000,0.000000,0.000000,1.000000,0.000000
2443,rrf_rerank,0.000000,0.000000,0.000000,1.000000,0.000000
2445,bm25,1.000000,1.000000,1.000000,1.000000,1.000000
2445,dense,1.000000,1.000000,1.000000,1.000000,1.000000
2445,rrf,1.000000,1.000000,1.000000,1.000000,1.000000
2445,rrf_rerank,1.000000,1.000000,1.000000,1.000000,1.000000
2460,bm25,0.625705,0.333333,0.666667,1.000000,1.000000
2460,dense,1.000000,1.000000,1.000000,1.000000,1.000000
2460,rrf,0.946902,1.000000,1.000000,1.000000,1.000000
2460,rrf_rerank,0.732829,1.000000,1.000000,1.000000,0.500000
2465,bm25,0.000000,0.000000,0.000000,0.000000,0.000000
2465,dense,0.000000,0.000000,0.000000,0.000000,0.000000
2465,rrf,0.000000,0.000000,0.000000,0.000000,0.000000
2465,rrf_rerank,0.000000,0.000000,0.000000,0.000000,0.000000
2472,bm25,0.000000,0.000000,0.000000,0.000000,0.000000
2472,dense,0.000000,0.000000,0.000000,0.666667,0.000000
2472,rrf,0.000000,0.000000,0.000000,0.666667,0.000000
2472,rrf_rerank,0.000000,0.000000,0.000000,0.666667,0.000000
2486,bm25,0.500000,1.000000,1.000000,1.000000,0.333333
2486,dense,1.000000,1.000000,1.000000,1.000000,1.000000
2486,rrf,1.000000,1.000000,1.000000,1.000000,1.000000
2486,rrf_rerank,1.000000,1.000000,1.000000,1.000000,1.000000
2498,bm25,0.000000,0.000000,0.000000,1.000000,0.000000
2498,dense,0.000000,0.000000,0.000000,0.000000,0.000000
2498,rrf,0.000000,0.000000,0.000000,1.000000,0.000000
2498,rrf_rerank,0.000000,0.000000,0.000000,1.000000,0.000000
2513,bm25,0.000000,0.000000,0.000000,0.000000,0.000000
2513,dense,0.000000,0.000000,0.000000,1.000000,0.000000
2513,rrf,0.000000,0.000000,0.000000,1.000000,0.000000
2513,rrf_rerank,0.000000,0.000000,0.000000,1.000000,0.000000
2516,bm25,0.390380,0.250000,0.250000,0.500000,1.000000
2516,dense,0.636682,0.500000,0.500000,0.500000,1.000000
2516,rrf,0.507896,0.250000,0.500000,0.500000,1.000000
2516,rrf_rerank,0.585570,0.500000,0.500000,0.500000,1.000000
2549,bm25,0.000000,0.000000,0.000000,0.500000,0.000000
2549,dense,0.000000,0.000000,0.000000,0.500000,0.000000
2549,rrf,0.237198,0.500000,0.500000,0.500000,0.200000
2549,rrf_rerank,0.264068,0.500000,0.500000,0.500000,0.250000
2551,bm25,0.000000,0.000000,0.000000,0.333333,0.000000
2551,dense,1.000000,1.000000,1.000000,1.000000,1.000000
2551,rrf,0.697882,0.666667,1.000000,1.000000,0.500000
2551,rrf_rerank,0.732829,1.000000,1.000000,1.000000,0.500000
2568,bm25,0.000000,0.000000,0.000000,0.142857,0.000000
2568,dense,0.518651,0.428571,0.428571,0.857143,1.000000
2568,rrf,0.173428,0.142857,0.142857,0.714286,0.500000
2568,rrf_rerank,0.274876,0.142857,0.142857,0.714286,1.000000
2579,bm25,0.000000,0.000000,0.000000,0.333333,0.000000
2579,dense,0.298710,0.166667,0.333333,0.500000,0.500000
2579,rrf,0.242394,0.166667,0.333333,0.500000,0.333333
2579,rrf_rerank,0.302602,0.166667,0.166667,0.500000,1.000000
2580,bm25,0.765361,0.666667,0.666667,0.666667,1.000000
2580,dense,0.469279,0.333333,0.333333,1.000000,1.000000
2580,rrf,0.765361,0.666667,0.666667,1.000000,1.000000
2580,rrf_rerank,0.765361,0.666667,0.666667,1.000000,1.000000
2587,bm25,1.000000,1.000000,1.000000,1.000000,1.000000
2587,dense,1.000000,1.000000,1.000000,1.000000,1.000000
2587,rrf,1.000000,1.000000,1.000000,1.000000,1.000000
2587,rrf_rerank,1.000000,1.000000,1.000000,1.000000,1.000000
2589,bm25,0.416181,0.666667,0.666667,1.000000,0.333333
2589,dense,0.946902,1.000000,1.000000,1.000000,1.000000
2589,rrf,0.932521,0.666667,1.000000,1.000000,1.000000
2589,rrf_rerank,0.860344,0.666667,1.000000,1.000000,1.000000
2590,bm25,0.156426,0.000000,0.333333,0.666667,0.142857
2590,dense,0.469279,0.333333,0.333333,1.000000,1.000000
2590,rrf,0.469279,0.333333,0.333333,0.666667,1.000000
2590,rrf_rerank,0.469279,0.333333,0.333333,0.666667,1.000000
2593,bm25,0.671386,0.666667,0.666667,0.666667,1.000000
2593,dense,0.296082,0.333333,0.333333,0.666667,0.500000
2593,rrf,0.636439,0.333333,0.666667,0.666667,1.000000
2593,rrf_rerank,0.498189,0.666667,0.666667,0.666667,0.500000
2598,bm25,0.218407,0.000000,0.500000,0.500000,0.166667
2598,dense,0.386853,0.500000,0.500000,1.000000,0.500000
2598,rrf,0.306574,0.500000,0.500000,1.000000,0.333333
2598,rrf_rerank,0.613147,0.500000,0.500000,1.000000,1.000000
26,bm25,0.184576,0.000000,0.500000,0.500000,0.111111
26,dense,0.218407,0.000000,0.500000,1.000000,0.166667
26,rrf,0.000000,0.000000,0.000000,1.000000,0.000000
26,rrf_rerank,0.204382,0.000000,0.500000,1.000000,0.142857
2648,bm25,1.000000,1.000000,1.000000,1.000000,1.000000
2648,dense,1.000000,1.000000,1.000000,1.000000,1.000000
2648,rrf,1.000000,1.000000,1.000000,1.000000,1.000000
2648,rrf_rerank,0.500000,1.000000,1.000000,1.000000,0.333333
2676,bm25,0.000000,0.000000,0.000000,1.000000,0.000000
2676,dense,0.630930,1.000000,1.000000,1.000000,0.500000
2676,rrf,0.430677,1.000000,1.000000,1.000000,0.250000
2676,rrf_rerank,0.500000,1.000000,1.000000,1.000000,0.333333
2685,bm25,0.000000,0.000000,0.000000,0.125000,0.000000
2685,dense,0.252943,0.125000,0.125000,0.250000,1.000000
2685,rrf,0.252943,0.125000,0.125000,0.250000,1.000000
2685,rrf_rerank,0.159589,0.125000,0.125000,0.250000,0.500000
2695,bm25,1.000000,1.000000,1.000000,1.000000,1.000000
2695,dense,1.000000,1.000000,1.000000,1.000000,1.000000
2695,rrf,1.000000,1.000000,1.000000,1.000000,1.000000
2695,rrf_rerank,1.000000,1.000000,1.000000,1.000000,1.000000
2713,bm25,0.193426,0.000000,0.500000,0.500000,0.125000
2713,dense,0.000000,0.000000,0.000000,0.500000,0.000000
2713,rrf,0.237198,0.500000,0.500000,0.500000,0.200000
2713,rrf_rerank,0.000000,0.000000,0.000000,0.500000,0.000000
2724,bm25,0.237198,0.500000,0.500000,1.000000,0.200000
2724,dense,0.204382,0.000000,0.500000,1.000000,0.142857
2724,rrf,0.500000,0.500000,1.000000,1.000000,0.333333
2724,rrf_rerank,0.237198,0.500000,0.500000,1.000000,0.200000
2737,bm25,0.301030,0.000000,1.000000,1.000000,0.111111
2737,dense,1.000000,1.000000,1.000000,1.000000,1.000000
2737,rrf,0.630930,1.000000,1.000000,1.000000,0.500000
2737,rrf_rerank,1.000000,1.000000,1.000000,1.000000,1.000000
2747,bm25,0.000000,0.000000,0.000000,1.000000,0.000000
2747,dense,0.500000,1.000000,1.000000,1.000000,0.333333
2747,rrf,0.333333,0.000000,1.000000,1.000000,0.142857
2747,rrf_rerank,0.430677,1.000000,1.000000,1.000000,0.250000
2749,bm25,0.613147,0.500000,0.500000,0.500000,1.000000
2749,dense,1.000000,1.000000,1.000000,1.000000,1.000000
2749,rrf,0.613147,0.500000,0.500000,1.000000,1.000000
2749,rrf_rerank,1.000000,1.000000,1.000000,1.000000,1.000000
2790,bm25,0.243775,0.285714,0.285714,0.428571,0.333333
2790,dense,0.357622,0.142857,0.285714,0.428571,1.000000
2790,rrf,0.412314,0.285714,0.285714,0.571429,1.000000
2790,rrf_rerank,0.274876,0.142857,0.142857,0.571429,1.000000
2801,bm25,0.613147,0.500000,0.500000,1.000000,1.000000
2801,dense,0.613147,0.500000,0.500000,0.500000,1.000000
2801,rrf,0.613147,0.500000,0.500000,1.000000,1.000000
2801,rrf_rerank,0.613147,0.500000,0.500000,1.000000,1.000000
2856,bm25,0.000000,0.000000,0.000000,0.250000,0.000000
2856,dense,0.544557,0.500000,0.750000,1.000000,0.500000
2856,rrf,0.246302,0.250000,0.250000,1.000000,0.500000
2856,rrf_rerank,0.709527,0.750000,0.750000,1.000000,1.000000
2857,bm25,0.139056,0.000000,0.250000,0.500000,0.166667
2857,dense,0.585570,0.500000,0.500000,0.500000,1.000000
2857,rrf,0.390380,0.250000,0.250000,0.750000,1.000000
2857,rrf_rerank,0.130127,0.000000,0.250000,0.750000,0.142857
2880,bm25,1.000000,1.000000,1.000000,1.000000,1.000000
2880,dense,1.000000,1.000000,1.000000,1.000000,1.000000
2880,rrf,1.000000,1.000000,1.000000,1.000000,1.000000
2880,rrf_rerank,1.000000,1.000000,1.000000,1.000000,1.000000
2885,bm25,0.000000,0.000000,0.000000,0.000000,0.000000
2885,dense,0.000000,0.000000,0.000000,0.000000,0.000000
2885,rrf,0.000000,0.000000,0.000000,0.000000,0.000000
2885,rrf_rerank,0.000000,0.000000,0.000000,0.000000,0.000000
2891,bm25,1.000000,1.000000,1.000000,1.000000,1.000000
2891,dense,1.000000,1.000000,1.000000,1.000000,1.000000
2891,rrf,1.000000,1.000000,1.000000,1.000000,1.000000
2891,rrf_rerank,1.000000,1.000000,1.000000,1.000000,1.000000
2895,bm25,0.000000,0.000000,0.000000,0.000000,0.000000
2895,dense,0.000000,0.000000,0.000000,0.000000,0.000000
2895,rrf,0.000000,0.000000,0.000000,0.000000,0.000000
2895,rrf_rerank,0.000000,0.000000,0.000000,0.000000,0.000000
2903,bm25,0.000000,0.000000,0.000000,0.000000,0.000000
2903,dense,0.000000,0.000000,0.000000,1.000000,0.000000
2903,rrf,0.000000,0.000000,0.000000,1.000000,0.000000
2903,rrf_rerank,0.000000,0.000000,0.000000,1.000000,0.000000
2923,bm25,0.244258,0.200000,0.400000,0.600000,0.200000
2923,dense,0.853932,0.800000,0.800000,0.800000,1.000000
2923,rrf,0.684352,0.600000,0.600000,0.800000,1.000000
2923,rrf_rerank,0.508740,0.400000,0.400000,0.800000,1.000000
2964,bm25,0.000000,0.000000,0.000000,0.500000,0.000000
2964,dense,0.000000,0.000000,0.000000,1.000000,0.000000
2964,rrf,0.000000,0.000000,0.000000,1.000000,0.000000
2964,rrf_rerank,0.000000,0.000000,0.000000,1.000000,0.000000
2968,bm25,0.264068,0.500000,0.500000,1.000000,0.250000
2968,dense,1.000000,1.000000,1.000000,1.000000,1.000000
2968,rrf,0.877215,1.000000,1.000000,1.000000,1.000000
2968,rrf_rerank,0.806574,0.500000,1.000000,1.000000,1.000000
2994,bm25,0.000000,0.000000,0.000000,0.333333,0.000000
2994,dense,0.156426,0.000000,0.333333,0.333333,0.142857
2994,rrf,0.296082,0.333333,0.333333,0.333333,0.500000
2994,rrf_rerank,0.181542,0.333333,0.333333,0.333333,0.200000
3006,bm25,0.087472,0.000000,0.166667,0.166667,0.100000
3006,dense,0.302602,0.166667,0.166667,0.500000,1.000000
3006,rrf,0.130324,0.166667,0.166667,0.333333,0.250000
3006,rrf_rerank,0.190921,0.166667,0.166667,0.333333,0.500000
3008,bm25,0.000000,0.000000,0.000000,0.500000,0.000000
3008,dense,0.513531,0.250000,0.500000,0.750000,1.000000
3008,rrf,0.130127,0.000000,0.250000,0.500000,0.142857
3008,rrf_rerank,0.513531,0.250000,0.500000,0.500000,1.000000
3014,bm25,0.000000,0.000000,0.000000,0.500000,0.000000
3014,dense,0.613147,0.500000,0.500000,1.000000,1.000000
3014,rrf,0.613147,0.500000,0.500000,1.000000,1.000000
3014,rrf_rerank,0.386853,0.500000,0.500000,1.000000,0.500000
3033,bm25,0.000000,0.000000,0.000000,1.000000,0.000000
3033,dense,0.613147,0.500000,0.500000,1.000000,1.000000
3033,rrf,0.306574,0.500000,0.500000,1.000000,0.333333
3033,rrf_rerank,0.386853,0.500000,0.500000,1.000000,0.500000
3039,bm25,0.356207,0.000000,1.000000,1.000000,0.166667
3039,dense,0.356207,0.000000,1.000000,1.000000,0.166667
3039,rrf,0.430677,1.000000,1.000000,1.000000,0.250000
3039,rrf_rerank,1.000000,1.000000,1.000000,1.000000,1.000000
3049,bm25,0.168128,0.250000,0.250000,0.750000,0.250000
3049,dense,0.636682,0.500000,0.500000,1.000000,1.000000
3049,rrf,0.369454,0.250000,0.500000,1.000000,0.500000
3049,rrf_rerank,0.654245,0.500000,0.750000,1.000000,1.000000
3051,bm25,0.564092,0.500000,1.000000,1.000000,0.500000
3051,dense,1.000000,1.000000,1.000000,1.000000,1.000000
3051,rrf,0.919721,1.000000,1.000000,1.000000,1.000000
3051,rrf_rerank,1.000000,1.000000,1.000000,1.000000,1.000000
3067,bm25,0.000000,0.000000,0.000000,0.000000,0.000000
3067,dense,0.000000,0.000000,0.000000,1.000000,0.000000
3067,rrf,0.000000,0.000000,0.000000,0.500000,0.000000
3067,rrf_rerank,0.000000,0.000000,0.000000,0.500000,0.000000
3085,bm25,0.000000,0.000000,0.000000,0.000000,0.000000
3085,dense,0.605260,0.500000,1.000000,1.000000,0.500000
3085,rrf,0.000000,0.000000,0.000000,1.000000,0.000000
3085,rrf_rerank,0.386853,0.500000,0.500000,1.000000,0.500000
3091,bm25,0.118383,0.142857,0.142857,0.714286,0.250000
3091,dense,0.980377,0.571429,1.000000,1.000000,1.000000
3091,rrf,0.715324,0.428571,0.714286,1.000000,1.000000
3091,rrf_rerank,0.902087,0.714286,0.857143,1.000000,1.000000
3103,bm25,0.386853,1.000000,1.000000,1.000000,0.200000
3103,dense,1.000000,1.000000,1.000000,1.000000,1.000000
3103,rrf,0.630930,1.000000,1.000000,1.000000,0.500000
3103,rrf_rerank,0.630930,1.000000,1.000000,1.000000,0.500000
3115,bm25,0.493523,0.333333,0.333333,0.500000,1.000000
3115,dense,0.453904,0.333333,0.333333,0.500000,1.000000
3115,rrf,0.623847,0.500000,0.500000,0.500000,1.000000
3115,rrf_rerank,0.644824,0.500000,0.500000,0.500000,1.000000
3125,bm25,0.386853,1.000000,1.000000,1.000000,0.200000
3125,dense,1.000000,1.000000,1.000000,1.000000,1.000000
3125,rrf,1.000000,1.000000,1.000000,1.000000,1.000000
3125,rrf_rerank,0.630930,1.000000,1.000000,1.000000,0.500000
3148,bm25,0.553146,0.400000,0.400000,0.400000,1.000000
3148,dense,0.553146,0.400000,0.400000,0.600000,1.000000
3148,rrf,0.553146,0.400000,0.400000,0.400000,1.000000
3148,rrf_rerank,0.553146,0.400000,0.400000,0.400000,1.000000
3149,bm25,0.000000,0.000000,0.000000,0.500000,0.000000
3149,dense,0.193426,0.000000,0.500000,1.000000,0.125000
3149,rrf,0.000000,0.000000,0.000000,1.000000,0.000000
3149,rrf_rerank,0.000000,0.000000,0.000000,1.000000,0.000000
3177,bm25,0.181542,0.333333,0.333333,0.666667,0.200000
3177,dense,0.000000,0.000000,0.000000,1.000000,0.000000
3177,rrf,0.000000,0.000000,0.000000,1.000000,0.000000
3177,rrf_rerank,0.000000,0.000000,0.000000,1.000000,0.000000
3179,bm25,0.306574,0.500000,0.500000,1.000000,0.333333
3179,dense,0.613147,0.500000,0.500000,1.000000,1.000000
3179,rrf,0.613147,0.500000,0.500000,1.000000,1.000000
3179,rrf_rerank,0.264068,0.500000,0.500000,1.000000,0.250000
3186,bm25,0.806574,0.500000,1.000000,1.000000,1.000000
3186,dense,0.919721,1.000000,1.000000,1.000000,1.000000
3186,rrf,1.000000,1.000000,1.000000,1.000000,1.000000
3186,rrf_rerank,0.613147,0.500000,0.500000,1.000000,1.000000
3189,bm25,0.000000,0.000000,0.000000,0.500000,0.000000
3189,dense,0.000000,0.000000,0.000000,0.000000,0.000000
3189,rrf,0.000000,0.000000,0.000000,0.000000,0.000000
3189,rrf_rerank,0.000000,0.000000,0.000000,0.000000,0.000000
3254,bm25,0.469279,0.333333,0.333333,0.666667,1.000000
3254,dense,0.469279,0.333333,0.333333,0.666667,1.000000
3254,rrf,0.610546,0.333333,0.666667,0.666667,1.000000
3254,rrf_rerank,0.469279,0.333333,0.333333,0.666667,1.000000
3264,bm25,0.000000,0.000000,0.000000,0.750000,0.000000
3264,dense,0.636682,0.500000,0.500000,0.750000,1.000000
3264,rrf,0.698415,0.500000,0.750000,1.000000,1.000000
3264,rrf_rerank,0.715697,0.500000,0.750000,1.000000,1.000000
3357,bm25,1.000000,1.000000,1.000000,1.000000,1.000000
3357,dense,0.500000,1.000000,1.000000,1.000000,0.333333
3357,rrf,1.000000,1.000000,1.000000,1.000000,1.000000
3357,rrf_rerank,1.000000,1.000000,1.000000,1.000000,1.000000
3369,bm25,0.000000,0.000000,0.000000,0.333333,0.000000
3369,dense,0.000000,0.000000,0.000000,0.666667,0.000000
3369,rrf,0.000000,0.000000,0.000000,0.333333,0.000000
3369,rrf_rerank,0.000000,0.000000,0.000000,0.333333,0.000000
3394,bm25,0.000000,0.000000,0.000000,0.000000,0.000000
3394,dense,0.636682,0.500000,0.500000,0.500000,1.000000
3394,rrf,0.000000,0.000000,0.000000,0.500000,0.000000
3394,rrf_rerank,0.000000,0.000000,0.000000,0.500000,0.000000
34,bm25,0.000000,0.000000,0.000000,0.000000,0.000000
34,dense,0.000000,0.000000,0.000000,0.000000,0.000000
34,rrf,0.000000,0.000000,0.000000,0.000000,0.000000
34,rrf_rerank,0.000000,0.000000,0.000000,0.000000,0.000000
3404,bm25,0.000000,0.000000,0.000000,0.285714,0.000000
3404,dense,0.137438,0.142857,0.142857,0.571429,0.333333
3404,rrf,0.173428,0.142857,0.142857,0.571429,0.500000
3404,rrf_rerank,0.224152,0.142857,0.285714,0.571429,0.333333
3405,bm25,0.000000,0.000000,0.000000,1.000000,0.000000
3405,dense,0.301030,0.000000,1.000000,1.000000,0.111111
3405,rrf,0.000000,0.000000,0.000000,1.000000,0.000000
3405,rrf_rerank,0.315465,0.000000,1.000000,1.000000,0.125000
3446,bm25,0.252016,0.200000,0.400000,0.800000,0.200000
3446,dense,0.553146,0.400000,0.400000,1.000000,1.000000
3446,rrf,0.315648,0.400000,0.400000,1.000000,0.333333
3446,rrf_rerank,0.553146,0.400000,0.400000,1.000000,1.000000
3451,bm25,0.000000,0.000000,0.000000,0.285714,0.000000
3451,dense,0.274876,0.142857,0.142857,0.571429,1.000000
3451,rrf,0.000000,0.000000,0.000000,0.714286,0.000000
3451,rrf_rerank,0.174371,0.000000,0.285714,0.714286,0.142857
3453,bm25,0.306574,0.500000,0.500000,1.000000,0.333333
3453,dense,0.422790,0.000000,1.000000,1.000000,0.166667
3453,rrf,0.591235,0.500000,1.000000,1.000000,0.500000
3453,rrf_rerank,0.500000,0.500000,1.000000,1.000000,0.333333
3480,bm25,0.831872,0.750000,0.750000,0.750000,1.000000
3480,dense,1.000000,1.000000,1.000000,1.000000,1.000000
3480,rrf,0.982892,1.000000,1.000000,1.000000,1.000000
3480,rrf_rerank,1.000000,1.000000,1.000000,1.000000,1.000000
3490,bm25,0.000000,0.000000,0.000000,0.000000,0.000000
3490,dense,0.000000,0.000000,0.000000,1.000000,0.000000
3490,rrf,0.000000,0.000000,0.000000,1.000000,0.000000
3490,rrf_rerank,0.000000,0.000000,0.000000,1.000000,0.000000
3500,bm25,0.321245,0.333333,0.333333,0.500000,0.500000
3500,dense,0.286381,0.166667,0.333333,0.666667,0.500000
3500,rrf,0.429034,0.333333,0.500000,0.666667,0.500000
3500,rrf_rerank,0.493523,0.333333,0.333333,0.666667,1.000000
3503,bm25,0.197840,0.142857,0.285714,0.714286,0.250000
3503,dense,0.622299,0.571429,0.714286,1.000000,0.500000
3503,rrf,0.535585,0.571429,0.571429,1.000000,0.500000
3503,rrf_rerank,0.618331,0.571429,0.714286,1.000000,0.500000
3512,bm25,0.386853,0.500000,0.500000,0.500000,0.500000
3512,dense,1.000000,1.000000,1.000000,1.000000,1.000000
3512,rrf,0.613147,0.500000,0.500000,1.000000,1.000000
3512,rrf_rerank,0.850345,1.000000,1.000000,1.000000,1.000000
3528,bm25,0.289065,0.000000,1.000000,1.000000,0.100000
3528,dense,0.301030,0.000000,1.000000,1.000000,0.111111
3528,rrf,0.356207,0.000000,1.000000,1.000000,0.166667
3528,rrf_rerank,0.386853,1.000000,1.000000,1.000000,0.200000
3530,bm25,0.000000,0.000000,0.000000,0.333333,0.000000
3530,dense,0.469279,0.333333,0.333333,1.000000,1.000000
3530,rrf,0.296082,0.333333,0.333333,0.666667,0.500000
3530,rrf_rerank,0.469279,0.333333,0.333333,0.666667,1.000000
3534,bm25,0.000000,0.000000,0.000000,0.000000,0.000000
3534,dense,0.000000,0.000000,0.000000,0.000000,0.000000
3534,rrf,0.000000,0.000000,0.000000,0.000000,0.000000
3534,rrf_rerank,0.000000,0.000000,0.000000,0.000000,0.000000
3566,bm25,0.181542,0.333333,0.333333,0.333333,0.200000
3566,dense,0.202107,0.333333,0.333333,0.666667,0.250000
3566,rrf,0.296082,0.333333,0.333333,0.666667,0.500000
3566,rrf_rerank,0.469279,0.333333,0.333333,0.666667,1.000000
3569,bm25,0.000000,0.000000,0.000000,1.000000,0.000000
3569,dense,0.000000,0.000000,0.000000,1.000000,0.000000
3569,rrf,0.000000,0.000000,0.000000,1.000000,0.000000
3569,rrf_rerank,0.430677,1.000000,1.000000,1.000000,0.250000
3594,bm25,0.000000,0.000000,0.000000,0.250000,0.000000
3594,dense,0.787702,0.750000,0.750000,0.750000,1.000000
3594,rrf,0.151020,0.250000,0.250000,0.750000,0.200000
3594,rrf_rerank,0.385359,0.250000,0.500000,0.750000,0.500000
3612,bm25,0.000000,0.000000,0.000000,0.000000,0.000000
3612,dense,0.000000,0.000000,0.000000,0.250000,0.000000
3612,rrf,0.000000,0.000000,0.000000,0.250000,0.000000
3612,rrf_rerank,0.000000,0.000000,0.000000,0.250000,0.000000
3615,bm25,0.000000,0.000000,0.000000,1.000000,0.000000
3615,dense,0.693426,1.000000,1.000000,1.000000,0.500000
3615,rrf,0.510956,0.500000,1.000000,1.000000,0.333333
3615,rrf_rerank,0.571429,0.500000,1.000000,1.000000,0.500000
3625,bm25,0.000000,0.000000,0.000000,0.333333,0.000000
3625,dense,0.296082,0.333333,0.333333,0.333333,0.500000
3625,rrf,0.181542,0.333333,0.333333,0.333333,0.200000
3625,rrf_rerank,0.296082,0.333333,0.333333,0.333333,0.500000
3682,bm25,0.000000,0.000000,0.000000,0.500000,0.000000
3682,dense,0.000000,0.000000,0.000000,0.500000,0.000000
3682,rrf,0.000000,0.000000,0.000000,0.500000,0.000000
3682,rrf_rerank,0.000000,0.000000,0.000000,0.500000,0.000000
3683,bm25,0.151301,0.166667,0.166667,0.500000,0.333333
3683,dense,0.524494,0.333333,0.666667,0.833333,0.500000
3683,rrf,0.321245,0.333333,0.333333,0.833333,0.500000
3683,rrf_rerank,0.281625,0.333333,0.333333,0.833333,0.333333
3694,bm25,0.613147,0.500000,0.500000,0.500000,1.000000
3694,dense,0.613147,0.500000,0.500000,1.000000,1.000000
3694,rrf,0.613147,0.500000,0.500000,1.000000,1.000000
3694,rrf_rerank,0.306574,0.500000,0.500000,1.000000,0.333333
3724,bm25,0.000000,0.000000,0.000000,0.300000,0.000000
3724,dense,0.139618,0.000000,0.200000,0.300000,0.142857
3724,rrf,0.000000,0.000000,0.000000,0.400000,0.000000
3724,rrf_rerank,0.078398,0.000000,0.100000,0.400000,0.166667
3735,bm25,0.000000,0.000000,0.000000,1.000000,0.000000
3735,dense,0.296082,0.333333,0.333333,1.000000,0.500000
3735,rrf,0.000000,0.000000,0.000000,1.000000,0.000000
3735,rrf_rerank,0.000000,0.000000,0.000000,1.000000,0.000000
3759,bm25,0.000000,0.000000,0.000000,0.000000,0.000000
3759,dense,0.000000,0.000000,0.000000,0.000000,0.000000
3759,rrf,0.000000,0.000000,0.000000,0.000000,0.000000
3759,rrf_rerank,0.000000,0.000000,0.000000,0.000000,0.000000
3767,bm25,0.000000,0.000000,0.000000,0.000000,0.000000
3767,dense,0.113053,0.000000,0.200000,0.600000,0.142857
3767,rrf,0.000000,0.000000,0.000000,0.600000,0.000000
3767,rrf_rerank,0.000000,0.000000,0.000000,0.600000,0.000000
3771,bm25,0.000000,0.000000,0.000000,0.000000,0.000000
3771,dense,0.493523,0.333333,0.333333,0.500000,1.000000
3771,rrf,0.000000,0.000000,0.000000,0.500000,0.000000
3771,rrf_rerank,0.107789,0.000000,0.166667,0.500000,0.166667
3781,bm25,1.000000,1.000000,1.000000,1.000000,1.000000
3781,dense,0.919721,1.000000,1.000000,1.000000,1.000000
3781,rrf,1.000000,1.000000,1.000000,1.000000,1.000000
3781,rrf_rerank,0.877215,1.000000,1.000000,1.000000,1.000000
3789,bm25,0.749528,0.500000,0.750000,0.750000,1.000000
3789,dense,0.766809,0.500000,0.750000,0.750000,1.000000
3789,rrf,0.753698,0.750000,0.750000,0.750000,1.000000
3789,rrf_rerank,0.831872,0.750000,0.750000,0.750000,1.000000
3791,bm25,0.650821,0.666667,0.666667,0.666667,1.000000
3791,dense,0.530721,0.666667,0.666667,1.000000,0.500000
3791,rrf,0.703918,0.666667,0.666667,0.666667,1.000000
3791,rrf_rerank,0.181542,0.333333,0.333333,0.666667,0.200000
3801,bm25,0.613147,0.500000,0.500000,0.500000,1.000000
3801,dense,0.613147,0.500000,0.500000,1.000000,1.000000
3801,rrf,0.613147,0.500000,0.500000,1.000000,1.000000
3801,rrf_rerank,0.613147,0.500000,0.500000,1.000000,1.000000
3822,bm25,0.000000,0.000000,0.000000,0.000000,0.000000
3822,dense,0.246302,0.250000,0.250000,0.500000,0.500000
3822,rrf,0.000000,0.000000,0.000000,0.500000,0.000000
3822,rrf_rerank,0.168128,0.250000,0.250000,0.500000,0.250000
3829,bm25,0.000000,0.000000,0.000000,0.000000,0.000000
3829,dense,0.264068,0.500000,0.500000,0.500000,0.250000
3829,rrf,0.000000,0.000000,0.000000,0.500000,0.000000
3829,rrf_rerank,0.000000,0.000000,0.000000,0.500000,0.000000
3830,bm25,0.315465,0.000000,1.000000,1.000000,0.125000
3830,dense,0.289065,0.000000,1.000000,1.000000,0.100000
3830,rrf,0.500000,1.000000,1.000000,1.000000,0.333333
3830,rrf_rerank,0.630930,1.000000,1.000000,1.000000,0.500000
3837,bm25,0.500000,1.000000,1.000000,1.000000,0.333333
3837,dense,1.000000,1.000000,1.000000,1.000000,1.000000
3837,rrf,1.000000,1.000000,1.000000,1.000000,1.000000
3837,rrf_rerank,1.000000,1.000000,1.000000,1.000000,1.000000
3859,bm25,0.000000,0.000000,0.000000,1.000000,0.000000
3859,dense,0.000000,0.000000,0.000000,1.000000,0.000000
3859,rrf,0.000000,0.000000,0.000000,1.000000,0.000000
3859,rrf_rerank,0.333333,0.000000,1.000000,1.000000,0.142857
3875,bm25,0.919721,1.000000,1.000000,1.000000,1.000000
3875,dense,1.000000,1.000000,1.000000,1.000000,1.000000
3875,rrf,1.000000,1.000000,1.000000,1.000000,1.000000
3875,rrf_rerank,1.000000,1.000000,1.000000,1.000000,1.000000
3888,bm25,0.000000,0.000000,0.000000,0.000000,0.000000
3888,dense,0.141267,0.000000,0.333333,0.333333,0.111111
3888,rrf,0.000000,0.000000,0.000000,0.333333,0.000000
3888,rrf_rerank,0.000000,0.000000,0.000000,0.333333,0.000000
3909,bm25,0.000000,0.000000,0.000000,0.400000,0.000000
3909,dense,0.138862,0.100000,0.100000,0.500000,0.500000
3909,rrf,0.354245,0.100000,0.400000,0.500000,0.500000
3909,rrf_rerank,0.454498,0.200000,0.400000,0.500000,1.000000
3932,bm25,0.000000,0.000000,0.000000,0.000000,0.000000
3932,dense,0.650921,1.000000,1.000000,1.000000,0.500000
3932,rrf,0.000000,0.000000,0.000000,1.000000,0.000000
3932,rrf_rerank,0.184576,0.000000,0.500000,1.000000,0.111111
3934,bm25,0.130127,0.000000,0.250000,0.500000,0.142857
3934,dense,0.000000,0.000000,0.000000,0.750000,0.000000
3934,rrf,0.139056,0.000000,0.250000,0.750000,0.166667
3934,rrf_rerank,0.130127,0.000000,0.250000,0.750000,0.142857
3995,bm25,0.000000,0.000000,0.000000,0.200000,0.000000
3995,dense,0.120811,0.000000,0.200000,0.600000,0.166667
3995,rrf,0.146068,0.200000,0.200000,0.600000,0.250000
3995,rrf_rerank,0.000000,0.000000,0.000000,0.600000,0.000000
4007,bm25,0.625705,0.333333,0.666667,0.666667,1.000000
4007,dense,0.671386,0.666667,0.666667,0.666667,1.000000
4007,rrf,0.671386,0.666667,0.666667,0.666667,1.000000
4007,rrf_rerank,0.703918,0.666667,0.666667,0.666667,1.000000
4011,bm25,0.469279,0.333333,0.333333,0.666667,1.000000
4011,dense,1.000000,1.000000,1.000000,1.000000,1.000000
4011,rrf,0.671386,0.666667,0.666667,1.000000,1.000000
4011,rrf_rerank,0.416181,0.666667,0.666667,1.000000,0.333333
4019,bm25,0.000000,0.000000,0.000000,0.400000,0.000000
4019,dense,0.169580,0.200000,0.200000,0.400000,0.333333
4019,rrf,0.316084,0.200000,0.400000,0.600000,0.500000
4019,rrf_rerank,0.383566,0.400000,0.400000,0.600000,0.500000
4031,bm25,0.000000,0.000000,0.000000,0.000000,0.000000
4031,dense,0.000000,0.000000,0.000000,0.000000,0.000000
4031,rrf,0.000000,0.000000,0.000000,0.000000,0.000000
4031,rrf_rerank,0.000000,0.000000,0.000000,0.000000,0.000000
4037,bm25,0.000000,0.000000,0.000000,0.000000,0.000000
4037,dense,0.000000,0.000000,0.000000,1.000000,0.000000
4037,rrf,0.000000,0.000000,0.000000,1.000000,0.000000
4037,rrf_rerank,0.000000,0.000000,0.000000,1.000000,0.000000
4047,bm25,0.831872,0.750000,0.750000,1.000000,1.000000
4047,dense,0.900547,0.750000,1.000000,1.000000,1.000000
4047,rrf,0.982892,1.000000,1.000000,1.000000,1.000000
4047,rrf_rerank,0.866716,0.750000,1.000000,1.000000,1.000000
4071,bm25,0.000000,0.000000,0.000000,0.000000,0.000000
4071,dense,0.000000,0.000000,0.000000,0.000000,0.000000
4071,rrf,0.000000,0.000000,0.000000,0.000000,0.000000
4071,rrf_rerank,0.000000,0.000000,0.000000,0.000000,0.000000
4084,bm25,0.000000,0.000000,0.000000,0.500000,0.000000
4084,dense,0.430624,0.500000,1.000000,1.000000,0.200000
4084,rrf,0.306574,0.500000,0.500000,1.000000,0.333333
4084,rrf_rerank,0.650921,1.000000,1.000000,1.000000,0.500000
4102,bm25,0.000000,0.000000,0.000000,0.250000,0.000000
4102,dense,0.139056,0.000000,0.250000,0.500000,0.166667
4102,rrf,0.123151,0.000000,0.250000,0.500000,0.125000
4102,rrf_rerank,0.000000,0.000000,0.000000,0.500000,0.000000
4103,bm25,0.000000,0.000000,0.000000,0.000000,0.000000
4103,dense,0.000000,0.000000,0.000000,1.000000,0.000000
4103,rrf,0.000000,0.000000,0.000000,1.000000,0.000000
4103,rrf_rerank,0.000000,0.000000,0.000000,1.000000,0.000000
4105,bm25,0.000000,0.000000,0.000000,0.000000,0.000000
4105,dense,0.000000,0.000000,0.000000,0.000000,0.000000
4105,rrf,0.000000,0.000000,0.000000,0.000000,0.000000
4105,rrf_rerank,0.000000,0.000000,0.000000,0.000000,0.000000
4116,bm25,0.264068,0.500000,0.500000,0.500000,0.250000
4116,dense,0.919721,1.000000,1.000000,1.000000,1.000000
4116,rrf,0.613147,0.500000,0.500000,1.000000,1.000000
4116,rrf_rerank,0.613147,0.500000,0.500000,1.000000,1.000000
4125,bm25,0.000000,0.000000,0.000000,0.000000,0.000000
4125,dense,0.000000,0.000000,0.000000,0.000000,0.000000
4125,rrf,0.000000,0.000000,0.000000,0.000000,0.000000
4125,rrf_rerank,0.000000,0.000000,0.000000,0.000000,0.000000
4142,bm25,0.000000,0.000000,0.000000,1.000000,0.000000
4142,dense,0.307184,0.250000,0.500000,1.000000,0.250000
4142,rrf,0.242972,0.000000,0.500000,1.000000,0.142857
4142,rrf_rerank,0.256572,0.000000,0.500000,1.000000,0.166667
4153,bm25,0.000000,0.000000,0.000000,1.000000,0.000000
4153,dense,0.000000,0.000000,0.000000,1.000000,0.000000
4153,rrf,0.301030,0.000000,1.000000,1.000000,0.111111
4153,rrf_rerank,0.000000,0.000000,0.000000,1.000000,0.000000
4179,bm25,0.000000,0.000000,0.000000,1.000000,0.000000
4179,dense,1.000000,1.000000,1.000000,1.000000,1.000000
4179,rrf,0.500000,1.000000,1.000000,1.000000,0.333333
4179,rrf_rerank,0.386853,1.000000,1.000000,1.000000,0.200000
4188,bm25,0.000000,0.000000,0.000000,0.000000,0.000000
4188,dense,0.289065,0.000000,1.000000,1.000000,0.100000
4188,rrf,0.000000,0.000000,0.000000,1.000000,0.000000
4188,rrf_rerank,0.000000,0.000000,0.000000,1.000000,0.000000
42,bm25,0.000000,0.000000,0.000000,0.333333,0.000000
42,dense,0.000000,0.000000,0.000000,0.666667,0.000000
42,rrf,0.167160,0.000000,0.333333,0.666667,0.166667
42,rrf_rerank,0.000000,0.000000,0.000000,0.666667,0.000000
4205,bm25,0.000000,0.000000,0.000000,0.666667,0.000000
4205,dense,0.530721,0.666667,0.666667,1.000000,0.500000
4205,rrf,0.315201,0.000000,0.666667,0.666667,0.166667
4205,rrf_rerank,0.469279,0.333333,0.333333,0.666667,1.000000
4233,bm25,0.801312,0.600000,0.800000,0.800000,1.000000
4233,dense,0.699215,0.600000,0.600000,1.000000,1.000000
4233,rrf,0.853932,0.800000,0.800000,1.000000,1.000000
4233,rrf_rerank,0.966834,0.800000,1.000000,1.000000,1.000000
4265,bm25,0.302602,0.166667,0.166667,0.666667,1.000000
4265,dense,0.594391,0.333333,0.500000,1.000000,1.000000
4265,rrf,0.671699,0.500000,0.666667,1.000000,1.000000
4265,rrf_rerank,0.745692,0.500000,0.666667,1.000000,1.000000
4286,bm25,0.613147,0.500000,0.500000,0.500000,1.000000
4286,dense,0.613147,0.500000,0.500000,0.500000,1.000000
4286,rrf,0.613147,0.500000,0.500000,0.500000,1.000000
4286,rrf_rerank,0.613147,0.500000,0.500000,0.500000,1.000000
4289,bm25,0.000000,0.000000,0.000000,0.000000,0.000000
4289,dense,0.386853,0.500000,0.500000,0.500000,0.500000
4289,rrf,0.000000,0.000000,0.000000,0.500000,0.000000
4289,rrf_rerank,0.613147,0.500000,0.500000,0.500000,1.000000
4306,bm25,0.585570,0.500000,0.500000,0.500000,1.000000
4306,dense,0.520507,0.250000,0.500000,0.750000,1.000000
4306,rrf,0.558508,0.500000,0.500000,0.750000,1.000000
4306,rrf_rerank,0.390380,0.250000,0.250000,0.750000,1.000000
4312,bm25,0.764081,0.428571,0.714286,0.714286,1.000000
4312,dense,0.530697,0.428571,0.428571,0.714286,1.000000
4312,rrf,0.756825,0.428571,0.714286,0.714286,1.000000
4312,rrf_rerank,0.511995,0.428571,0.571429,0.714286,0.500000
4335,bm25,0.585570,0.500000,0.500000,0.500000,1.000000
4335,dense,0.754199,0.500000,0.750000,0.750000,1.000000
4335,rrf,0.585570,0.500000,0.500000,0.750000,1.000000
4335,rrf_rerank,0.513531,0.250000,0.500000,0.750000,1.000000
4339,bm25,0.877215,1.000000,1.000000,1.000000,1.000000
4339,dense,1.000000,1.000000,1.000000,1.000000,1.000000
4339,rrf,1.000000,1.000000,1.000000,1.000000,1.000000
4339,rrf_rerank,1.000000,1.000000,1.000000,1.000000,1.000000
4394,bm25,0.000000,0.000000,0.000000,0.000000,0.000000
4394,dense,0.000000,0.000000,0.000000,0.000000,0.000000
4394,rrf,0.000000,0.000000,0.000000,0.000000,0.000000
4394,rrf_rerank,0.000000,0.000000,0.000000,0.000000,0.000000
4409,bm25,0.000000,0.000000,0.000000,0.100000,0.000000
4409,dense,0.519997,0.300000,0.400000,0.500000,1.000000
4409,rrf,0.173667,0.100000,0.200000,0.500000,0.333333
4409,rrf_rerank,0.554143,0.400000,0.400000,0.500000,1.000000
4411,bm25,0.135652,0.000000,0.333333,0.333333,0.100000
4411,dense,0.135652,0.000000,0.333333,1.000000,0.100000
4411,rrf,0.234639,0.333333,0.333333,0.666667,0.333333
4411,rrf_rerank,0.469279,0.333333,0.333333,0.666667,1.000000
4414,bm25,0.386853,0.500000,0.500000,1.000000,0.500000
4414,dense,0.386853,0.500000,0.500000,0.500000,0.500000
4414,rrf,0.613147,0.500000,0.500000,1.000000,1.000000
4414,rrf_rerank,0.193426,0.000000,0.500000,1.000000,0.125000
4415,bm25,0.000000,0.000000,0.000000,0.000000,0.000000
4415,dense,0.000000,0.000000,0.000000,0.500000,0.000000
4415,rrf,0.000000,0.000000,0.000000,0.250000,0.000000
4415,rrf_rerank,0.000000,0.000000,0.000000,0.250000,0.000000
4433,bm25,0.000000,0.000000,0.000000,0.500000,0.000000
4433,dense,0.000000,0.000000,0.000000,1.000000,0.000000
4433,rrf,0.000000,0.000000,0.000000,1.000000,0.000000
4433,rrf_rerank,0.000000,0.000000,0.000000,1.000000,0.000000
4447,bm25,1.000000,1.000000,1.000000,1.000000,1.000000
4447,dense,0.430677,1.000000,1.000000,1.000000,0.250000
4447,rrf,0.630930,1.000000,1.000000,1.000000,0.500000
4447,rrf_rerank,0.430677,1.000000,1.000000,1.000000,0.250000
4464,bm25,0.000000,0.000000,0.000000,1.000000,0.000000
4464,dense,0.289065,0.000000,1.000000,1.000000,0.100000
4464,rrf,0.386853,1.000000,1.000000,1.000000,0.200000
4464,rrf_rerank,0.630930,1.000000,1.000000,1.000000,0.500000
4465,bm25,0.000000,0.000000,0.000000,0.666667,0.000000
4465,dense,0.000000,0.000000,0.000000,1.000000,0.000000
4465,rrf,0.202107,0.333333,0.333333,0.666667,0.250000
4465,rrf_rerank,0.000000,0.000000,0.000000,0.666667,0.000000
4484,bm25,0.301030,0.000000,1.000000,1.000000,0.111111
4484,dense,1.000000,1.000000,1.000000,1.000000,1.000000
4484,rrf,0.500000,1.000000,1.000000,1.000000,0.333333
4484,rrf_rerank,0.500000,1.000000,1.000000,1.000000,0.333333
4499,bm25,0.000000,0.000000,0.000000,0.666667,0.000000
4499,dense,0.000000,0.000000,0.000000,0.666667,0.000000
4499,rrf,0.000000,0.000000,0.000000,0.666667,0.000000
4499,rrf_rerank,0.329583,0.333333,0.666667,0.666667,0.200000
4500,bm25,0.000000,0.000000,0.000000,1.000000,0.000000
4500,dense,0.000000,0.000000,0.000000,0.500000,0.000000
4500,rrf,0.000000,0.000000,0.000000,1.000000,0.000000
4500,rrf_rerank,0.000000,0.000000,0.000000,1.000000,0.000000
4504,bm25,0.613147,0.500000,0.500000,0.500000,1.000000
4504,dense,1.000000,1.000000,1.000000,1.000000,1.000000
4504,rrf,0.790386,0.500000,1.000000,1.000000,1.000000
4504,rrf_rerank,0.877215,1.000000,1.000000,1.000000,1.000000
4514,bm25,0.151301,0.166667,0.166667,0.500000,0.333333
4514,dense,0.410392,0.166667,0.333333,0.500000,1.000000
4514,rrf,0.307983,0.333333,0.333333,0.500000,0.500000
4514,rrf_rerank,0.390074,0.166667,0.333333,0.500000,1.000000
4523,bm25,0.000000,0.000000,0.000000,0.000000,0.000000
4523,dense,0.327040,0.200000,0.400000,0.400000,0.500000
4523,rrf,0.120811,0.000000,0.200000,0.400000,0.166667
4523,rrf_rerank,0.000000,0.000000,0.000000,0.400000,0.000000
4539,bm25,0.000000,0.000000,0.000000,1.000000,0.000000
4539,dense,0.184576,0.000000,0.500000,0.500000,0.111111
4539,rrf,0.177239,0.000000,0.500000,1.000000,0.100000
4539,rrf_rerank,0.177239,0.000000,0.500000,1.000000,0.100000
4571,bm25,0.469279,0.333333,0.333333,1.000000,1.000000
4571,dense,0.765361,0.666667,0.666667,0.666667,1.000000
4571,rrf,0.625705,0.333333,0.666667,1.000000,1.000000
4571,rrf_rerank,0.765361,0.666667,0.666667,1.000000,1.000000
4600,bm25,0.333333,0.000000,1.000000,1.000000,0.142857
4600,dense,1.000000,1.000000,1.000000,1.000000,1.000000
4600,rrf,1.000000,1.000000,1.000000,1.000000,1.000000
4600,rrf_rerank,0.630930,1.000000,1.000000,1.000000,0.500000
4605,bm25,0.000000,0.000000,0.000000,0.428571,0.000000
4605,dense,0.616564,0.428571,0.571429,0.857143,1.000000
4605,rrf,0.306898,0.142857,0.428571,0.714286,0.333333
4605,rrf_rerank,0.366502,0.142857,0.285714,0.714286,1.000000
4615,bm25,0.130324,0.166667,0.166667,0.833333,0.250000
4615,dense,0.740285,0.500000,0.666667,0.833333,1.000000
4615,rrf,0.678755,0.500000,0.666667,0.833333,1.000000
4615,rrf_rerank,0.637460,0.500000,0.666667,0.833333,1.000000
4640,bm25,0.000000,0.000000,0.000000,0.000000,0.000000
4640,dense,0.000000,0.000000,0.000000,0.333333,0.000000
4640,rrf,0.000000,0.000000,0.000000,0.333333,0.000000
4640,rrf_rerank,0.135652,0.000000,0.333333,0.333333,0.100000
4641,bm25,0.000000,0.000000,0.000000,0.000000,0.000000
4641,dense,0.629552,0.400000,0.600000,0.600000,1.000000
4641,rrf,0.000000,0.000000,0.000000,0.600000,0.000000
4641,rrf_rerank,0.169580,0.200000,0.200000,0.600000,0.333333
4678,bm25,0.000000,0.000000,0.000000,0.000000,0.000000
4678,dense,0.000000,0.000000,0.000000,1.000000,0.000000
4678,rrf,0.000000,0.000000,0.000000,0.000000,0.000000
4678,rrf_rerank,0.000000,0.000000,0.000000,0.000000,0.000000
4681,bm25,1.000000,1.000000,1.000000,1.000000,1.000000
4681,dense,1.000000,1.000000,1.000000,1.000000,1.000000
4681,rrf,1.000000,1.000000,1.000000,1.000000,1.000000
4681,rrf_rerank,1.000000,1.000000,1.000000,1.000000,1.000000
4700,bm25,1.000000,1.000000,1.000000,1.000000,1.000000
4700,dense,1.000000,1.000000,1.000000,1.000000,1.000000
4700,rrf,1.000000,1.000000,1.000000,1.000000,1.000000
4700,rrf_rerank,1.000000,1.000000,1.000000,1.000000,1.000000
4714,bm25,0.564644,0.500000,0.750000,0.750000,0.500000
4714,dense,0.636682,0.500000,0.500000,0.750000,1.000000
4714,rrf,0.831872,0.750000,0.750000,0.750000,1.000000
4714,rrf_rerank,0.636682,0.500000,0.500000,0.750000,1.000000
475,bm25,0.356207,0.000000,1.000000,1.000000,0.166667
475,dense,1.000000,1.000000,1.000000,1.000000,1.000000
475,rrf,0.630930,1.000000,1.000000,1.000000,0.500000
475,rrf_rerank,0.630930,1.000000,1.000000,1.000000,0.500000
4756,bm25,0.000000,0.000000,0.000000,0.000000,0.000000
4756,dense,0.000000,0.000000,0.000000,1.000000,0.000000
4756,rrf,0.000000,0.000000,0.000000,1.000000,0.000000
4756,rrf_rerank,0.000000,0.000000,0.000000,1.000000,0.000000
4767,bm25,0.000000,0.000000,0.000000,0.200000,0.000000
4767,dense,0.000000,0.000000,0.000000,0.000000,0.000000
4767,rrf,0.000000,0.000000,0.000000,0.200000,0.000000
4767,rrf_rerank,0.000000,0.000000,0.000000,0.200000,0.000000
4775,bm25,0.000000,0.000000,0.000000,1.000000,0.000000
4775,dense,0.000000,0.000000,0.000000,0.000000,0.000000
4775,rrf,0.000000,0.000000,0.000000,0.000000,0.000000
4775,rrf_rerank,0.000000,0.000000,0.000000,0.000000,0.000000
4777,bm25,0.000000,0.000000,0.000000,0.000000,0.000000
4777,dense,0.000000,0.000000,0.000000,0.000000,0.000000
4777,rrf,0.000000,0.000000,0.000000,0.000000,0.000000
4777,rrf_rerank,0.000000,0.000000,0.000000,0.000000,0.000000
4785,bm25,0.630930,1.000000,1.000000,1.000000,0.500000
4785,dense,1.000000,1.000000,1.000000,1.000000,1.000000
4785,rrf,1.000000,1.000000,1.000000,1.000000,1.000000
4785,rrf_rerank,1.000000,1.000000,1.000000,1.000000,1.000000
4804,bm25,0.000000,0.000000,0.000000,0.500000,0.000000
4804,dense,0.500000,0.500000,1.000000,1.000000,0.333333
4804,rrf,0.386853,0.500000,0.500000,1.000000,0.500000
4804,rrf_rerank,0.580279,0.500000,1.000000,1.000000,0.500000
4813,bm25,0.430677,1.000000,1.000000,1.000000,0.250000
4813,dense,0.630930,1.000000,1.000000,1.000000,0.500000
4813,rrf,1.000000,1.000000,1.000000,1.000000,1.000000
4813,rrf_rerank,1.000000,1.000000,1.000000,1.000000,1.000000
4823,bm25,0.469279,0.333333,0.333333,0.333333,1.000000
4823,dense,0.469279,0.333333,0.333333,0.666667,1.000000
4823,rrf,0.469279,0.333333,0.333333,0.666667,1.000000
4823,rrf_rerank,0.469279,0.333333,0.333333,0.666667,1.000000
4827,bm25,0.000000,0.000000,0.000000,1.000000,0.000000
4827,dense,0.630930,1.000000,1.000000,1.000000,0.500000
4827,rrf,0.000000,0.000000,0.000000,1.000000,0.000000
4827,rrf_rerank,0.500000,1.000000,1.000000,1.000000,0.333333
4837,bm25,0.000000,0.000000,0.000000,0.000000,0.000000
4837,dense,0.000000,0.000000,0.000000,0.000000,0.000000
4837,rrf,0.000000,0.000000,0.000000,0.000000,0.000000
4837,rrf_rerank,0.000000,0.000000,0.000000,0.000000,0.000000
4844,bm25,0.797723,0.500000,1.000000,1.000000,1.000000
4844,dense,0.613147,0.500000,0.500000,1.000000,1.000000
4844,rrf,0.831555,0.500000,1.000000,1.000000,1.000000
4844,rrf_rerank,0.817530,0.500000,1.000000,1.000000,1.000000
4845,bm25,0.148041,0.000000,0.333333,1.000000,0.125000
4845,dense,0.765361,0.666667,0.666667,1.000000,1.000000
4845,rrf,0.967468,1.000000,1.000000,1.000000,1.000000
4845,rrf_rerank,0.469279,0.333333,0.333333,1.000000,1.000000
4846,bm25,0.000000,0.000000,0.000000,0.000000,0.000000
4846,dense,0.000000,0.000000,0.000000,0.000000,0.000000
4846,rrf,0.000000,0.000000,0.000000,0.000000,0.000000
4846,rrf_rerank,0.000000,0.000000,0.000000,0.000000,0.000000
4863,bm25,0.296082,0.333333,0.333333,1.000000,0.500000
4863,dense,0.636439,0.333333,0.666667,1.000000,1.000000
4863,rrf,0.703918,0.666667,0.666667,1.000000,1.000000
4863,rrf_rerank,0.765361,0.666667,0.666667,1.000000,1.000000
4865,bm25,0.000000,0.000000,0.000000,0.000000,0.000000
4865,dense,0.000000,0.000000,0.000000,0.000000,0.000000
4865,rrf,0.000000,0.000000,0.000000,0.000000,0.000000
4865,rrf_rerank,0.000000,0.000000,0.000000,0.000000,0.000000
4920,bm25,0.792087,0.666667,1.000000,1.000000,1.000000
4920,dense,1.000000,1.000000,1.000000,1.000000,1.000000
4920,rrf,0.967468,1.000000,1.000000,1.000000,1.000000
4920,rrf_rerank,0.967468,1.000000,1.000000,1.000000,1.000000
4942,bm25,0.000000,0.000000,0.000000,0.000000,0.000000
4942,dense,0.000000,0.000000,0.000000,0.000000,0.000000
4942,rrf,0.000000,0.000000,0.000000,0.000000,0.000000
4942,rrf_rerank,0.000000,0.000000,0.000000,0.000000,0.000000
4946,bm25,1.000000,1.000000,1.000000,1.000000,1.000000
4946,dense,1.000000,1.000000,1.000000,1.000000,1.000000
4946,rrf,1.000000,1.000000,1.000000,1.000000,1.000000
4946,rrf_rerank,1.000000,1.000000,1.000000,1.000000,1.000000
4955,bm25,0.000000,0.000000,0.000000,0.000000,0.000000
4955,dense,0.000000,0.000000,0.000000,0.000000,0.000000
4955,rrf,0.000000,0.000000,0.000000,0.000000,0.000000
4955,rrf_rerank,0.000000,0.000000,0.000000,0.000000,0.000000
4962,bm25,0.264068,0.500000,0.500000,0.500000,0.250000
4962,dense,0.000000,0.000000,0.000000,0.000000,0.000000
4962,rrf,0.000000,0.000000,0.000000,0.500000,0.000000
4962,rrf_rerank,0.613147,0.500000,0.500000,0.500000,1.000000
4968,bm25,0.356207,0.000000,1.000000,1.000000,0.166667
4968,dense,0.000000,0.000000,0.000000,1.000000,0.000000
4968,rrf,0.630930,1.000000,1.000000,1.000000,0.500000
4968,rrf_rerank,0.301030,0.000000,1.000000,1.000000,0.111111
4981,bm25,0.765361,0.666667,0.666667,0.666667,1.000000
4981,dense,0.765361,0.666667,0.666667,0.666667,1.000000
4981,rrf,0.765361,0.666667,0.666667,0.666667,1.000000
4981,rrf_rerank,0.765361,0.666667,0.666667,0.666667,1.000000
4999,bm25,0.246302,0.250000,0.250000,0.750000,0.500000
4999,dense,0.697564,0.500000,0.750000,1.000000,1.000000
4999,rrf,0.390380,0.250000,0.250000,0.750000,1.000000
4999,rrf_rerank,0.390380,0.250000,0.250000,0.750000,1.000000
5021,bm25,0.000000,0.000000,0.000000,0.000000,0.000000
5021,dense,0.000000,0.000000,0.000000,0.000000,0.000000
5021,rrf,0.000000,0.000000,0.000000,0.000000,0.000000
5021,rrf_rerank,0.000000,0.000000,0.000000,0.000000,0.000000
503,bm25,0.000000,0.000000,0.000000,0.000000,0.000000
503,dense,0.000000,0.000000,0.000000,0.000000,0.000000
503,rrf,0.000000,0.000000,0.000000,0.000000,0.000000
503,rrf_rerank,0.000000,0.000000,0.000000,0.000000,0.000000
5030,bm25,0.000000,0.000000,0.000000,0.000000,0.000000
5030,dense,0.000000,0.000000,0.000000,0.000000,0.000000
5030,rrf,0.000000,0.000000,0.000000,0.000000,0.000000
5030,rrf_rerank,0.000000,0.000000,0.000000,0.000000,0.000000
504,bm25,0.000000,0.000000,0.000000,0.000000,0.000000
504,dense,0.000000,0.000000,0.000000,0.000000,0.000000
504,rrf,0.000000,0.000000,0.000000,0.000000,0.000000
504,rrf_rerank,0.000000,0.000000,0.000000,0.000000,0.000000
5045,bm25,0.000000,0.000000,0.000000,1.000000,0.000000
5045,dense,0.315465,0.000000,1.000000,1.000000,0.125000
5045,rrf,0.000000,0.000000,0.000000,1.000000,0.000000
5045,rrf_rerank,0.333333,0.000000,1.000000,1.000000,0.142857
5054,bm25,0.000000,0.000000,0.000000,0.000000,0.000000
5054,dense,0.000000,0.000000,0.000000,0.000000,0.000000
5054,rrf,0.000000,0.000000,0.000000,0.000000,0.000000
5054,rrf_rerank,0.000000,0.000000,0.000000,0.000000,0.000000
5061,bm25,0.000000,0.000000,0.000000,0.000000,0.000000
5061,dense,0.000000,0.000000,0.000000,0.000000,0.000000
5061,rrf,0.000000,0.000000,0.000000,0.000000,0.000000
5061,rrf_rerank,0.000000,0.000000,0.000000,0.000000,0.000000
5064,bm25,0.386853,0.500000,0.500000,1.000000,0.500000
5064,dense,0.877215,1.000000,1.000000,1.000000,1.000000
5064,rrf,0.919721,1.000000,1.000000,1.000000,1.000000
5064,rrf_rerank,0.919721,1.000000,1.000000,1.000000,1.000000
5067,bm25,0.315465,0.000000,1.000000,1.000000,0.125000
5067,dense,0.000000,0.000000,0.000000,1.000000,0.000000
5067,rrf,0.386853,1.000000,1.000000,1.000000,0.200000
5067,rrf_rerank,0.356207,0.000000,1.000000,1.000000,0.166667
5080,bm25,0.000000,0.000000,0.000000,0.000000,0.000000
5080,dense,0.000000,0.000000,0.000000,0.000000,0.000000
5080,rrf,0.000000,0.000000,0.000000,0.000000,0.000000
5080,rrf_rerank,0.000000,0.000000,0.000000,0.000000,0.000000
5083,bm25,0.000000,0.000000,0.000000,0.500000,0.000000
5083,dense,0.386853,0.500000,0.500000,0.500000,0.500000
5083,rrf,0.000000,0.000000,0.000000,0.500000,0.000000
5083,rrf_rerank,0.386853,0.500000,0.500000,0.500000,0.500000
5085,bm25,0.386853,1.000000,1.000000,1.000000,0.200000
5085,dense,1.000000,1.000000,1.000000,1.000000,1.000000
5085,rrf,0.630930,1.000000,1.000000,1.000000,0.500000
5085,rrf_rerank,1.000000,1.000000,1.000000,1.000000,1.000000
5086,bm25,0.630930,1.000000,1.000000,1.000000,0.500000
5086,dense,1.000000,1.000000,1.000000,1.000000,1.000000
5086,rrf,1.000000,1.000000,1.000000,1.000000,1.000000
5086,rrf_rerank,1.000000,1.000000,1.000000,1.000000,1.000000
5090,bm25,0.000000,0.000000,0.000000,0.500000,0.000000
5090,dense,0.613147,0.500000,0.500000,0.500000,1.000000
5090,rrf,0.204382,0.000000,0.500000,0.500000,0.142857
5090,rrf_rerank,0.218407,0.000000,0.500000,0.500000,0.166667
5125,bm25,1.000000,1.000000,1.000000,1.000000,1.000000
5125,dense,0.000000,0.000000,0.000000,1.000000,0.000000
5125,rrf,1.000000,1.000000,1.000000,1.000000,1.000000
5125,rrf_rerank,1.000000,1.000000,1.000000,1.000000,1.000000
5134,bm25,0.386853,0.500000,0.500000,0.500000,0.500000
5134,dense,0.237198,0.500000,0.500000,0.500000,0.200000
5134,rrf,0.386853,0.500000,0.500000,0.500000,0.500000
5134,rrf_rerank,0.386853,0.500000,0.500000,0.500000,0.500000
515,bm25,1.000000,1.000000,1.000000,1.000000,1.000000
515,dense,1.000000,1.000000,1.000000,1.000000,1.000000
515,rrf,1.000000,1.000000,1.000000,1.000000,1.000000
515,rrf_rerank,1.000000,1.000000,1.000000,1.000000,1.000000
5150,bm25,0.000000,0.000000,0.000000,1.000000,0.000000
5150,dense,0.000000,0.000000,0.000000,1.000000,0.000000
5150,rrf,0.000000,0.000000,0.000000,1.000000,0.000000
5150,rrf_rerank,0.000000,0.000000,0.000000,1.000000,0.000000
5155,bm25,0.630930,1.000000,1.000000,1.000000,0.500000
5155,dense,0.000000,0.000000,0.000000,1.000000,0.000000
5155,rrf,1.000000,1.000000,1.000000,1.000000,1.000000
5155,rrf_rerank,1.000000,1.000000,1.000000,1.000000,1.000000
5172,bm25,0.000000,0.000000,0.000000,0.500000,0.000000
5172,dense,0.000000,0.000000,0.000000,0.500000,0.000000
5172,rrf,0.000000,0.000000,0.000000,0.500000,0.000000
5172,rrf_rerank,0.000000,0.000000,0.000000,0.500000,0.000000
5178,bm25,0.000000,0.000000,0.000000,0.200000,0.000000
5178,dense,0.722727,0.600000,0.600000,0.600000,1.000000
5178,rrf,0.312026,0.200000,0.400000,0.600000,0.500000
5178,rrf_rerank,0.213986,0.200000,0.200000,0.600000,0.500000
5185,bm25,0.000000,0.000000,0.000000,0.000000,0.000000
5185,dense,0.000000,0.000000,0.000000,0.000000,0.000000
5185,rrf,0.000000,0.000000,0.000000,0.000000,0.000000
5185,rrf_rerank,0.000000,0.000000,0.000000,0.000000,0.000000
5196,bm25,0.000000,0.000000,0.000000,0.333333,0.000000
5196,dense,0.000000,0.000000,0.000000,0.333333,0.000000
5196,rrf,0.000000,0.000000,0.000000,0.333333,0.000000
5196,rrf_rerank,0.000000,0.000000,0.000000,0.333333,0.000000
5206,bm25,0.000000,0.000000,0.000000,0.166667,0.000000
5206,dense,0.117063,0.166667,0.166667,0.166667,0.200000
5206,rrf,0.000000,0.000000,0.000000,0.166667,0.000000
5206,rrf_rerank,0.000000,0.000000,0.000000,0.166667,0.000000
5228,bm25,0.000000,0.000000,0.000000,0.000000,0.000000
5228,dense,0.000000,0.000000,0.000000,0.000000,0.000000
5228,rrf,0.000000,0.000000,0.000000,0.000000,0.000000
5228,rrf_rerank,0.000000,0.000000,0.000000,0.000000,0.000000
5231,bm25,0.000000,0.000000,0.000000,0.000000,0.000000
5231,dense,0.000000,0.000000,0.000000,0.000000,0.000000
5231,rrf,0.000000,0.000000,0.000000,0.000000,0.000000
5231,rrf_rerank,0.000000,0.000000,0.000000,0.000000,0.000000
5241,bm25,0.339160,0.200000,0.200000,0.400000,1.000000
5241,dense,0.452214,0.200000,0.400000,0.600000,1.000000
5241,rrf,0.339160,0.200000,0.200000,0.600000,1.000000
5241,rrf_rerank,0.452214,0.200000,0.400000,0.600000,1.000000
5254,bm25,0.386853,0.500000,0.500000,0.500000,0.500000
5254,dense,0.237198,0.500000,0.500000,0.500000,0.200000
5254,rrf,0.613147,0.500000,0.500000,0.500000,1.000000
5254,rrf_rerank,0.306574,0.500000,0.500000,0.500000,0.333333
5255,bm25,0.967468,1.000000,1.000000,1.000000,1.000000
5255,dense,1.000000,1.000000,1.000000,1.000000,1.000000
5255,rrf,1.000000,1.000000,1.000000,1.000000,1.000000
5255,rrf_rerank,0.921787,0.666667,1.000000,1.000000,1.000000
5264,bm25,0.553146,0.400000,0.400000,0.800000,1.000000
5264,dense,0.699215,0.600000,0.600000,0.800000,1.000000
5264,rrf,0.553146,0.400000,0.400000,1.000000,1.000000
5264,rrf_rerank,0.553146,0.400000,0.400000,1.000000,1.000000
5271,bm25,0.000000,0.000000,0.000000,0.666667,0.000000
5271,dense,0.202107,0.333333,0.333333,1.000000,0.250000
5271,rrf,0.383649,0.666667,0.666667,1.000000,0.250000
5271,rrf_rerank,0.234639,0.333333,0.333333,1.000000,0.333333
529,bm25,0.000000,0.000000,0.000000,0.000000,0.000000
529,dense,0.000000,0.000000,0.000000,0.000000,0.000000
529,rrf,0.000000,0.000000,0.000000,0.000000,0.000000
529,rrf_rerank,0.000000,0.000000,0.000000,0.000000,0.000000
5331,bm25,1.000000,1.000000,1.000000,1.000000,1.000000
5331,dense,0.630930,1.000000,1.000000,1.000000,0.500000
5331,rrf,1.000000,1.000000,1.000000,1.000000,1.000000
5331,rrf_rerank,0.630930,1.000000,1.000000,1.000000,0.500000
5343,bm25,0.000000,0.000000,0.000000,0.000000,0.000000
5343,dense,0.386853,1.000000,1.000000,1.000000,0.200000
5343,rrf,0.000000,0.000000,0.000000,1.000000,0.000000
5343,rrf_rerank,0.000000,0.000000,0.000000,1.000000,0.000000
5347,bm25,0.500000,1.000000,1.000000,1.000000,0.333333
5347,dense,1.000000,1.000000,1.000000,1.000000,1.000000
5347,rrf,1.000000,1.000000,1.000000,1.000000,1.000000
5347,rrf_rerank,1.000000,1.000000,1.000000,1.000000,1.000000
5356,bm25,0.000000,0.000000,0.000000,0.400000,0.000000
5356,dense,0.312026,0.200000,0.400000,0.800000,0.500000
5356,rrf,0.215151,0.000000,0.400000,0.800000,0.142857
5356,rrf_rerank,0.169580,0.200000,0.200000,0.800000,0.333333
5369,bm25,0.000000,0.000000,0.000000,1.000000,0.000000
5369,dense,0.000000,0.000000,0.000000,0.000000,0.000000
5369,rrf,0.000000,0.000000,0.000000,0.500000,0.000000
5369,rrf_rerank,0.000000,0.000000,0.000000,0.500000,0.000000
5374,bm25,0.000000,0.000000,0.000000,0.000000,0.000000
5374,dense,0.000000,0.000000,0.000000,1.000000,0.000000
5374,rrf,0.000000,0.000000,0.000000,1.000000,0.000000
5374,rrf_rerank,0.000000,0.000000,0.000000,1.000000,0.000000
5380,bm25,1.000000,1.000000,1.000000,1.000000,1.000000
5380,dense,1.000000,1.000000,1.000000,1.000000,1.000000
5380,rrf,1.000000,1.000000,1.000000,1.000000,1.000000
5380,rrf_rerank,1.000000,1.000000,1.000000,1.000000,1.000000
5402,bm25,0.000000,0.000000,0.000000,0.000000,0.000000
5402,dense,0.000000,0.000000,0.000000,0.500000,0.000000
5402,rrf,0.000000,0.000000,0.000000,0.500000,0.000000
5402,rrf_rerank,0.306574,0.500000,0.500000,0.500000,0.333333
5410,bm25,0.000000,0.000000,0.000000,0.333333,0.000000
5410,dense,0.469279,0.333333,0.333333,0.666667,1.000000
5410,rrf,0.181542,0.333333,0.333333,0.333333,0.200000
5410,rrf_rerank,0.296082,0.333333,0.333333,0.333333,0.500000
5422,bm25,0.000000,0.000000,0.000000,0.500000,0.000000
5422,dense,0.195190,0.250000,0.250000,0.750000,0.333333
5422,rrf,0.117516,0.000000,0.250000,0.500000,0.111111
5422,rrf_rerank,0.117516,0.000000,0.250000,0.500000,0.111111
5427,bm25,0.000000,0.000000,0.000000,0.000000,0.000000
5427,dense,0.386853,0.500000,0.500000,1.000000,0.500000
5427,rrf,0.000000,0.000000,0.000000,0.500000,0.000000
5427,rrf_rerank,0.000000,0.000000,0.000000,0.500000,0.000000
5460,bm25,0.102097,0.000000,0.200000,0.400000,0.111111
5460,dense,0.000000,0.000000,0.000000,0.000000,0.000000
5460,rrf,0.000000,0.000000,0.000000,0.400000,0.000000
5460,rrf_rerank,0.000000,0.000000,0.000000,0.400000,0.000000
5464,bm25,0.000000,0.000000,0.000000,0.000000,0.000000
5464,dense,0.000000,0.000000,0.000000,0.666667,0.000000
5464,rrf,0.000000,0.000000,0.000000,0.333333,0.000000
5464,rrf_rerank,0.000000,0.000000,0.000000,0.333333,0.000000
547,bm25,0.000000,0.000000,0.000000,0.000000,0.000000
547,dense,0.000000,0.000000,0.000000,0.000000,0.000000
547,rrf,0.000000,0.000000,0.000000,0.000000,0.000000
547,rrf_rerank,0.000000,0.000000,0.000000,0.000000,0.000000
549,bm25,0.000000,0.000000,0.000000,1.000000,0.000000
549,dense,1.000000,1.000000,1.000000,1.000000,1.000000
549,rrf,0.315465,0.000000,1.000000,1.000000,0.125000
549,rrf_rerank,1.000000,1.000000,1.000000,1.000000,1.000000
5503,bm25,0.000000,0.000000,0.000000,0.500000,0.000000
5503,dense,0.613147,0.500000,0.500000,1.000000,1.000000
5503,rrf,0.306574,0.500000,0.500000,1.000000,0.333333
5503,rrf_rerank,0.613147,0.500000,0.500000,1.000000,1.000000
5505,bm25,1.000000,1.000000,1.000000,1.000000,1.000000
5505,dense,1.000000,1.000000,1.000000,1.000000,1.000000
5505,rrf,1.000000,1.000000,1.000000,1.000000,1.000000
5505,rrf_rerank,0.630930,1.000000,1.000000,1.000000,0.500000
5511,bm25,0.000000,0.000000,0.000000,0.000000,0.000000
5511,dense,0.110046,0.100000,0.100000,0.400000,0.333333
5511,rrf,0.000000,0.000000,0.000000,0.300000,0.000000
5511,rrf_rerank,0.000000,0.000000,0.000000,0.300000,0.000000
5534,bm25,0.000000,0.000000,0.000000,0.000000,0.000000
5534,dense,0.386853,0.500000,0.500000,0.500000,0.500000
5534,rrf,0.306574,0.500000,0.500000,0.500000,0.333333
5534,rrf_rerank,0.613147,0.500000,0.500000,0.500000,1.000000
5549,bm25,0.000000,0.000000,0.000000,0.000000,0.000000
5549,dense,0.000000,0.000000,0.000000,0.000000,0.000000
5549,rrf,0.000000,0.000000,0.000000,0.000000,0.000000
5549,rrf_rerank,0.000000,0.000000,0.000000,0.000000,0.000000
5585,bm25,0.000000,0.000000,0.000000,1.000000,0.000000
5585,dense,0.301030,0.000000,1.000000,1.000000,0.111111
5585,rrf,0.000000,0.000000,0.000000,1.000000,0.000000
5585,rrf_rerank,0.000000,0.000000,0.000000,1.000000,0.000000
559,bm25,0.000000,0.000000,0.000000,0.000000,0.000000
559,dense,0.000000,0.000000,0.000000,1.000000,0.000000
559,rrf,0.000000,0.000000,0.000000,1.000000,0.000000
559,rrf_rerank,0.000000,0.000000,0.000000,1.000000,0.000000
5592,bm25,1.000000,1.000000,1.000000,1.000000,1.000000
5592,dense,1.000000,1.000000,1.000000,1.000000,1.000000
5592,rrf,1.000000,1.000000,1.000000,1.000000,1.000000
5592,rrf_rerank,1.000000,1.000000,1.000000,1.000000,1.000000
56,bm25,0.000000,0.000000,0.000000,1.000000,0.000000
56,dense,1.000000,1.000000,1.000000,1.000000,1.000000
56,rrf,0.500000,1.000000,1.000000,1.000000,0.333333
56,rrf_rerank,1.000000,1.000000,1.000000,1.000000,1.000000
5616,bm25,0.000000,0.000000,0.000000,1.000000,0.000000
5616,dense,0.301030,0.000000,1.000000,1.000000,0.111111
5616,rrf,0.301030,0.000000,1.000000,1.000000,0.111111
5616,rrf_rerank,0.301030,0.000000,1.000000,1.000000,0.111111
5620,bm25,0.000000,0.000000,0.000000,0.250000,0.000000
5620,dense,0.000000,0.000000,0.000000,0.000000,0.000000
5620,rrf,0.000000,0.000000,0.000000,0.250000,0.000000
5620,rrf_rerank,0.000000,0.000000,0.000000,0.250000,0.000000
5646,bm25,0.604931,0.333333,0.666667,1.000000,1.000000
5646,dense,1.000000,1.000000,1.000000,1.000000,1.000000
5646,rrf,0.921787,0.666667,1.000000,1.000000,1.000000
5646,rrf_rerank,0.852928,1.000000,1.000000,1.000000,1.000000
5653,bm25,1.000000,1.000000,1.000000,1.000000,1.000000
5653,dense,1.000000,1.000000,1.000000,1.000000,1.000000
5653,rrf,1.000000,1.000000,1.000000,1.000000,1.000000
5653,rrf_rerank,1.000000,1.000000,1.000000,1.000000,1.000000
5683,bm25,0.850345,1.000000,1.000000,1.000000,1.000000
5683,dense,1.000000,1.000000,1.000000,1.000000,1.000000
5683,rrf,0.919721,1.000000,1.000000,1.000000,1.000000
5683,rrf_rerank,0.693426,1.000000,1.000000,1.000000,0.500000
570,bm25,0.000000,0.000000,0.000000,0.000000,0.000000
570,dense,0.000000,0.000000,0.000000,0.000000,0.000000
570,rrf,0.000000,0.000000,0.000000,0.000000,0.000000
570,rrf_rerank,0.000000,0.000000,0.000000,0.000000,0.000000
5710,bm25,0.000000,0.000000,0.000000,1.000000,0.000000
5710,dense,0.000000,0.000000,0.000000,1.000000,0.000000
5710,rrf,0.000000,0.000000,0.000000,1.000000,0.000000
5710,rrf_rerank,0.000000,0.000000,0.000000,1.000000,0.000000
5741,bm25,0.000000,0.000000,0.000000,0.500000,0.000000
5741,dense,0.613147,0.500000,0.500000,0.500000,1.000000
5741,rrf,0.218407,0.000000,0.500000,0.500000,0.166667
5741,rrf_rerank,0.264068,0.500000,0.500000,0.500000,0.250000
5763,bm25,0.141267,0.000000,0.333333,0.333333,0.111111
5763,dense,0.296082,0.333333,0.333333,0.666667,0.500000
5763,rrf,0.469279,0.333333,0.333333,0.333333,1.000000
5763,rrf_rerank,0.234639,0.333333,0.333333,0.333333,0.333333
5782,bm25,0.213986,0.200000,0.200000,0.200000,0.500000
5782,dense,0.339160,0.200000,0.200000,0.400000,1.000000
5782,rrf,0.339160,0.200000,0.200000,0.400000,1.000000
5782,rrf_rerank,0.339160,0.200000,0.200000,0.400000,1.000000
5790,bm25,0.000000,0.000000,0.000000,0.000000,0.000000
5790,dense,0.000000,0.000000,0.000000,1.000000,0.000000
5790,rrf,0.000000,0.000000,0.000000,0.000000,0.000000
5790,rrf_rerank,0.000000,0.000000,0.000000,0.000000,0.000000
5808,bm25,0.301030,0.000000,1.000000,1.000000,0.111111
5808,dense,0.386853,1.000000,1.000000,1.000000,0.200000
5808,rrf,0.500000,1.000000,1.000000,1.000000,0.333333
5808,rrf_rerank,0.430677,1.000000,1.000000,1.000000,0.250000
585,bm25,0.000000,0.000000,0.000000,0.000000,0.000000
585,dense,0.386853,0.500000,0.500000,0.500000,0.500000
585,rrf,0.193426,0.000000,0.500000,0.500000,0.125000
585,rrf_rerank,0.000000,0.000000,0.000000,0.500000,0.000000
5853,bm25,0.000000,0.000000,0.000000,0.375000,0.000000
5853,dense,0.232706,0.125000,0.250000,0.375000,0.500000
5853,rrf,0.210786,0.125000,0.250000,0.375000,0.333333
5853,rrf_rerank,0.286060,0.250000,0.250000,0.375000,0.500000
5862,bm25,0.390380,0.250000,0.250000,0.500000,1.000000
5862,dense,0.168128,0.250000,0.250000,0.750000,0.250000
5862,rrf,0.268536,0.250000,0.500000,0.750000,0.200000
5862,rrf_rerank,0.139056,0.000000,0.250000,0.750000,0.166667
588,bm25,0.613147,0.500000,0.500000,0.500000,1.000000
588,dense,0.306574,0.500000,0.500000,1.000000,0.333333
588,rrf,0.613147,0.500000,0.500000,1.000000,1.000000
588,rrf_rerank,0.831555,0.500000,1.000000,1.000000,1.000000
5888,bm25,0.306574,0.500000,0.500000,0.500000,0.333333
5888,dense,0.177239,0.000000,0.500000,0.500000,0.100000
5888,rrf,0.264068,0.500000,0.500000,0.500000,0.250000
5888,rrf_rerank,0.306574,0.500000,0.500000,0.500000,0.333333
5903,bm25,0.000000,0.000000,0.000000,0.000000,0.000000
5903,dense,0.000000,0.000000,0.000000,0.000000,0.000000
5903,rrf,0.000000,0.000000,0.000000,0.000000,0.000000
5903,rrf_rerank,0.000000,0.000000,0.000000,0.000000,0.000000
5906,bm25,0.000000,0.000000,0.000000,0.500000,0.000000
5906,dense,0.000000,0.000000,0.000000,1.000000,0.000000
5906,rrf,0.000000,0.000000,0.000000,0.500000,0.000000
5906,rrf_rerank,0.000000,0.000000,0.000000,0.500000,0.000000
594,bm25,0.386853,0.500000,0.500000,0.500000,0.500000
594,dense,0.613147,0.500000,0.500000,0.500000,1.000000
594,rrf,0.613147,0.500000,0.500000,0.500000,1.000000
594,rrf_rerank,0.613147,0.500000,0.500000,0.500000,1.000000
5940,bm25,0.000000,0.000000,0.000000,0.000000,0.000000
5940,dense,0.000000,0.000000,0.000000,0.666667,0.000000
5940,rrf,0.000000,0.000000,0.000000,0.000000,0.000000
5940,rrf_rerank,0.000000,0.000000,0.000000,0.000000,0.000000
5951,bm25,0.339969,0.222222,0.333333,0.666667,0.500000
5951,dense,0.352568,0.222222,0.222222,0.666667,1.000000
5951,rrf,0.575821,0.222222,0.555556,0.666667,1.000000
5951,rrf_rerank,0.388225,0.222222,0.444444,0.666667,0.500000
5970,bm25,0.000000,0.000000,0.000000,1.000000,0.000000
5970,dense,0.431734,0.333333,0.666667,1.000000,0.500000
5970,rrf,0.671386,0.666667,0.666667,1.000000,1.000000
5970,rrf_rerank,0.135652,0.000000,0.333333,1.000000,0.100000
5981,bm25,0.853932,0.800000,0.800000,0.800000,1.000000
5981,dense,1.000000,1.000000,1.000000,1.000000,1.000000
5981,rrf,0.868795,0.800000,0.800000,1.000000,1.000000
5981,rrf_rerank,0.981848,0.800000,1.000000,1.000000,1.000000
5993,bm25,0.158409,0.066667,0.133333,0.266667,0.250000
5993,dense,0.403502,0.133333,0.200000,0.600000,1.000000
5993,rrf,0.248908,0.133333,0.133333,0.533333,0.500000
5993,rrf_rerank,0.078398,0.000000,0.066667,0.533333,0.166667
6002,bm25,0.660159,0.272727,0.545455,1.000000,1.000000
6002,dense,0.816590,0.363636,0.727273,1.000000,1.000000
6002,rrf,0.772838,0.363636,0.636364,1.000000,1.000000
6002,rrf_rerank,0.791727,0.454545,0.636364,1.000000,1.000000
6004,bm25,0.000000,0.000000,0.000000,0.000000,0.000000
6004,dense,0.000000,0.000000,0.000000,0.000000,0.000000
6004,rrf,0.000000,0.000000,0.000000,0.000000,0.000000
6004,rrf_rerank,0.000000,0.000000,0.000000,0.000000,0.000000
6005,bm25,0.449887,0.153846,0.307692,0.461538,1.000000
6005,dense,0.453743,0.230769,0.230769,0.538462,1.000000
6005,rrf,0.538886,0.307692,0.307692,0.538462,1.000000
6005,rrf_rerank,0.318794,0.230769,0.230769,0.538462,0.500000
6009,bm25,0.000000,0.000000,0.000000,1.000000,0.000000
6009,dense,0.000000,0.000000,0.000000,1.000000,0.000000
6009,rrf,0.000000,0.000000,0.000000,1.000000,0.000000
6009,rrf_rerank,0.000000,0.000000,0.000000,1.000000,0.000000
603,bm25,0.000000,0.000000,0.000000,1.000000,0.000000
603,dense,1.000000,1.000000,1.000000,1.000000,1.000000
603,rrf,0.333333,0.000000,1.000000,1.000000,0.142857
603,rrf_rerank,0.630930,1.000000,1.000000,1.000000,0.500000
604,bm25,0.000000,0.000000,0.000000,0.000000,0.000000
604,dense,0.634050,0.666667,1.000000,1.000000,0.500000
604,rrf,0.000000,0.000000,0.000000,1.000000,0.000000
604,rrf_rerank,0.703918,0.666667,0.666667,1.000000,1.000000
6041,bm25,0.759834,0.500000,0.750000,0.750000,1.000000
6041,dense,0.749528,0.500000,0.750000,0.750000,1.000000
6041,rrf,0.775739,0.500000,0.750000,0.750000,1.000000
6041,rrf_rerank,0.697564,0.500000,0.750000,0.750000,1.000000
6080,bm25,0.613147,0.500000,0.500000,0.500000,1.000000
6080,dense,0.613147,0.500000,0.500000,0.500000,1.000000
6080,rrf,0.613147,0.500000,0.500000,0.500000,1.000000
6080,rrf_rerank,0.613147,0.500000,0.500000,0.500000,1.000000
6110,bm25,0.412532,0.250000,0.250000,0.500000,1.000000
6110,dense,0.361879,0.250000,0.250000,0.625000,1.000000
6110,rrf,0.379414,0.250000,0.250000,0.500000,1.000000
6110,rrf_rerank,0.422837,0.125000,0.375000,0.500000,1.000000
6121,bm25,0.000000,0.000000,0.000000,0.500000,0.000000
6121,dense,0.817530,0.500000,1.000000,1.000000,1.000000
6121,rrf,0.237198,0.500000,0.500000,1.000000,0.200000
6121,rrf_rerank,0.184576,0.000000,0.500000,1.000000,0.111111
6122,bm25,0.469279,0.333333,0.333333,0.333333,1.000000
6122,dense,0.469279,0.333333,0.333333,0.666667,1.000000
6122,rrf,0.469279,0.333333,0.333333,0.333333,1.000000
6122,rrf_rerank,0.469279,0.333333,0.333333,0.333333,1.000000
6131,bm25,0.138862,0.083333,0.083333,0.416667,0.500000
6131,dense,0.415281,0.250000,0.250000,0.583333,1.000000
6131,rrf,0.305235,0.166667,0.166667,0.583333,1.000000
6131,rrf_rerank,0.393758,0.166667,0.250000,0.583333,1.000000
6133,bm25,0.237198,0.500000,0.500000,0.500000,0.200000
6133,dense,0.237198,0.500000,0.500000,0.500000,0.200000
6133,rrf,0.613147,0.500000,0.500000,0.500000,1.000000
6133,rrf_rerank,0.306574,0.500000,0.500000,0.500000,0.333333
6142,bm25,0.386853,0.500000,0.500000,1.000000,0.500000
6142,dense,0.613147,0.500000,0.500000,0.500000,1.000000
6142,rrf,0.613147,0.500000,0.500000,0.500000,1.000000
6142,rrf_rerank,0.613147,0.500000,0.500000,0.500000,1.000000
6146,bm25,0.613147,0.500000,0.500000,1.000000,1.000000
6146,dense,1.000000,1.000000,1.000000,1.000000,1.000000
6146,rrf,0.613147,0.500000,0.500000,1.000000,1.000000
6146,rrf_rerank,0.919721,1.000000,1.000000,1.000000,1.000000
6199,bm25,0.246302,0.250000,0.250000,0.750000,0.500000
6199,dense,0.636682,0.500000,0.500000,1.000000,1.000000
6199,rrf,0.697564,0.500000,0.750000,0.750000,1.000000
6199,rrf_rerank,0.559009,0.500000,0.750000,0.750000,0.500000
620,bm25,0.000000,0.000000,0.000000,0.200000,0.000000
620,dense,0.106993,0.000000,0.200000,0.400000,0.125000
620,rrf,0.000000,0.000000,0.000000,0.400000,0.000000
620,rrf_rerank,0.146068,0.200000,0.200000,0.400000,0.250000
6219,bm25,1.000000,1.000000,1.000000,1.000000,1.000000
6219,dense,0.877215,1.000000,1.000000,1.000000,1.000000
6219,rrf,1.000000,1.000000,1.000000,1.000000,1.000000
6219,rrf_rerank,0.919721,1.000000,1.000000,1.000000,1.000000
622,bm25,0.000000,0.000000,0.000000,0.500000,0.000000
622,dense,0.000000,0.000000,0.000000,1.000000,0.000000
622,rrf,0.000000,0.000000,0.000000,1.000000,0.000000
622,rrf_rerank,0.204382,0.000000,0.500000,1.000000,0.142857
6221,bm25,0.000000,0.000000,0.000000,0.125000,0.000000
6221,dense,0.000000,0.000000,0.000000,0.500000,0.000000
6221,rrf,0.000000,0.000000,0.000000,0.375000,0.000000
6221,rrf_rerank,0.000000,0.000000,0.000000,0.375000,0.000000
6252,bm25,0.000000,0.000000,0.000000,0.000000,0.000000
6252,dense,0.000000,0.000000,0.000000,0.142857,0.000000
6252,rrf,0.000000,0.000000,0.000000,0.000000,0.000000
6252,rrf_rerank,0.000000,0.000000,0.000000,0.000000,0.000000
6262,bm25,0.141267,0.000000,0.333333,0.666667,0.111111
6262,dense,0.765361,0.666667,0.666667,1.000000,1.000000
6262,rrf,0.530721,0.666667,0.666667,1.000000,0.500000
6262,rrf_rerank,0.703918,0.666667,0.666667,1.000000,1.000000
6278,bm25,0.613147,0.500000,0.500000,1.000000,1.000000
6278,dense,0.693426,1.000000,1.000000,1.000000,0.500000
6278,rrf,0.831555,0.500000,1.000000,1.000000,1.000000
6278,rrf_rerank,0.570642,1.000000,1.000000,1.000000,0.333333
6395,bm25,0.000000,0.000000,0.000000,0.000000,0.000000
6395,dense,0.000000,0.000000,0.000000,0.000000,0.000000
6395,rrf,0.000000,0.000000,0.000000,0.000000,0.000000
6395,rrf_rerank,0.000000,0.000000,0.000000,0.000000,0.000000
6410,bm25,0.500000,1.000000,1.000000,1.000000,0.333333
6410,dense,0.000000,0.000000,0.000000,0.000000,0.000000
6410,rrf,0.000000,0.000000,0.000000,1.000000,0.000000
6410,rrf_rerank,0.000000,0.000000,0.000000,1.000000,0.000000
6420,bm25,0.831555,0.500000,1.000000,1.000000,1.000000
6420,dense,0.919721,1.000000,1.000000,1.000000,1.000000
6420,rrf,1.000000,1.000000,1.000000,1.000000,1.000000
6420,rrf_rerank,0.806574,0.500000,1.000000,1.000000,1.000000
6441,bm25,0.430677,1.000000,1.000000,1.000000,0.250000
6441,dense,0.289065,0.000000,1.000000,1.000000,0.100000
6441,rrf,0.386853,1.000000,1.000000,1.000000,0.200000
6441,rrf_rerank,0.356207,0.000000,1.000000,1.000000,0.166667
6467,bm25,0.000000,0.000000,0.000000,0.000000,0.000000
6467,dense,0.000000,0.000000,0.000000,0.000000,0.000000
6467,rrf,0.000000,0.000000,0.000000,0.000000,0.000000
6467,rrf_rerank,0.000000,0.000000,0.000000,0.000000,0.000000
6468,bm25,0.613147,0.500000,0.500000,1.000000,1.000000
6468,dense,0.613147,0.500000,0.500000,1.000000,1.000000
6468,rrf,0.613147,0.500000,0.500000,1.000000,1.000000
6468,rrf_rerank,0.613147,0.500000,0.500000,1.000000,1.000000
6479,bm25,0.919721,1.000000,1.000000,1.000000,1.000000
6479,dense,1.000000,1.000000,1.000000,1.000000,1.000000
6479,rrf,1.000000,1.000000,1.000000,1.000000,1.000000
6479,rrf_rerank,0.919721,1.000000,1.000000,1.000000,1.000000
6525,bm25,0.477624,0.666667,0.666667,0.666667,0.500000
6525,dense,0.296082,0.333333,0.333333,0.333333,0.500000
6525,rrf,0.234639,0.333333,0.333333,0.666667,0.333333
6525,rrf_rerank,0.469279,0.333333,0.333333,0.666667,1.000000
6554,bm25,0.193426,0.000000,0.500000,0.500000,0.125000
6554,dense,0.613147,0.500000,0.500000,0.500000,1.000000
6554,rrf,0.613147,0.500000,0.500000,0.500000,1.000000
6554,rrf_rerank,0.386853,0.500000,0.500000,0.500000,0.500000
6562,bm25,0.000000,0.000000,0.000000,0.250000,0.000000
6562,dense,0.390380,0.250000,0.250000,0.750000,1.000000
6562,rrf,0.000000,0.000000,0.000000,0.750000,0.000000
6562,rrf_rerank,0.000000,0.000000,0.000000,0.750000,0.000000
659,bm25,0.312049,0.200000,0.300000,0.500000,0.500000
659,dense,0.573690,0.400000,0.500000,0.700000,1.000000
659,rrf,0.506784,0.200000,0.400000,0.700000,1.000000
659,rrf_rerank,0.161043,0.100000,0.200000,0.700000,0.250000
6611,bm25,0.237198,0.500000,0.500000,1.000000,0.200000
6611,dense,1.000000,1.000000,1.000000,1.000000,1.000000
6611,rrf,0.650921,1.000000,1.000000,1.000000,0.500000
6611,rrf_rerank,0.624051,1.000000,1.000000,1.000000,0.500000
6612,bm25,0.000000,0.000000,0.000000,0.333333,0.000000
6612,dense,0.167160,0.000000,0.333333,0.333333,0.166667
6612,rrf,0.234639,0.333333,0.333333,0.333333,0.333333
6612,rrf_rerank,0.148041,0.000000,0.333333,0.333333,0.125000
6625,bm25,0.000000,0.000000,0.000000,1.000000,0.000000
6625,dense,1.000000,1.000000,1.000000,1.000000,1.000000
6625,rrf,0.500000,1.000000,1.000000,1.000000,0.333333
6625,rrf_rerank,0.500000,1.000000,1.000000,1.000000,0.333333
6629,bm25,0.000000,0.000000,0.000000,0.000000,0.000000
6629,dense,0.000000,0.000000,0.000000,0.000000,0.000000
6629,rrf,0.000000,0.000000,0.000000,0.000000,0.000000
6629,rrf_rerank,0.000000,0.000000,0.000000,0.000000,0.000000
6635,bm25,0.520507,0.250000,0.500000,0.500000,1.000000
6635,dense,0.529436,0.250000,0.500000,0.500000,1.000000
6635,rrf,0.636682,0.500000,0.500000,0.500000,1.000000
6635,rrf_rerank,0.636682,0.500000,0.500000,0.500000,1.000000
6644,bm25,0.000000,0.000000,0.000000,0.000000,0.000000
6644,dense,0.000000,0.000000,0.000000,1.000000,0.000000
6644,rrf,0.000000,0.000000,0.000000,0.000000,0.000000
6644,rrf_rerank,0.000000,0.000000,0.000000,0.000000,0.000000
6647,bm25,0.000000,0.000000,0.000000,0.000000,0.000000
6647,dense,0.765361,0.666667,0.666667,0.666667,1.000000
6647,rrf,0.498189,0.666667,0.666667,0.666667,0.500000
6647,rrf_rerank,0.650821,0.666667,0.666667,0.666667,1.000000
6668,bm25,0.306574,0.500000,0.500000,0.500000,0.333333
6668,dense,0.204382,0.000000,0.500000,0.500000,0.142857
6668,rrf,0.386853,0.500000,0.500000,0.500000,0.500000
6668,rrf_rerank,0.237198,0.500000,0.500000,0.500000,0.200000
6679,bm25,0.000000,0.000000,0.000000,0.666667,0.000000
6679,dense,0.530721,0.666667,0.666667,0.666667,0.500000
6679,rrf,0.437349,0.333333,0.666667,0.666667,0.500000
6679,rrf_rerank,0.703918,0.666667,0.666667,0.666667,1.000000
6683,bm25,0.177239,0.000000,0.500000,0.500000,0.100000
6683,dense,0.000000,0.000000,0.000000,0.500000,0.000000
6683,rrf,0.306574,0.500000,0.500000,0.500000,0.333333
6683,rrf_rerank,0.204382,0.000000,0.500000,0.500000,0.142857
6713,bm25,0.613147,0.500000,0.500000,0.500000,1.000000
6713,dense,0.613147,0.500000,0.500000,0.500000,1.000000
6713,rrf,0.613147,0.500000,0.500000,0.500000,1.000000
6713,rrf_rerank,0.613147,0.500000,0.500000,0.500000,1.000000
6715,bm25,0.613147,0.500000,0.500000,1.000000,1.000000
6715,dense,0.414437,0.500000,1.000000,1.000000,0.200000
6715,rrf,0.414437,0.500000,1.000000,1.000000,0.200000
6715,rrf_rerank,1.000000,1.000000,1.000000,1.000000,1.000000
672,bm25,0.000000,0.000000,0.000000,1.000000,0.000000
672,dense,0.000000,0.000000,0.000000,0.500000,0.000000
672,rrf,0.000000,0.000000,0.000000,1.000000,0.000000
672,rrf_rerank,0.000000,0.000000,0.000000,1.000000,0.000000
6746,bm25,0.000000,0.000000,0.000000,0.500000,0.000000
6746,dense,0.386853,0.500000,0.500000,0.500000,0.500000
6746,rrf,0.264068,0.500000,0.500000,0.500000,0.250000
6746,rrf_rerank,0.000000,0.000000,0.000000,0.500000,0.000000
6787,bm25,0.000000,0.000000,0.000000,0.000000,0.000000
6787,dense,0.000000,0.000000,0.000000,0.000000,0.000000
6787,rrf,0.000000,0.000000,0.000000,0.000000,0.000000
6787,rrf_rerank,0.000000,0.000000,0.000000,0.000000,0.000000
6792,bm25,0.000000,0.000000,0.000000,0.000000,0.000000
6792,dense,0.000000,0.000000,0.000000,1.000000,0.000000
6792,rrf,0.000000,0.000000,0.000000,0.000000,0.000000
6792,rrf_rerank,0.000000,0.000000,0.000000,0.000000,0.000000
68,bm25,0.000000,0.000000,0.000000,0.000000,0.000000
68,dense,0.000000,0.000000,0.000000,0.000000,0.000000
68,rrf,0.000000,0.000000,0.000000,0.000000,0.000000
68,rrf_rerank,0.000000,0.000000,0.000000,0.000000,0.000000
6800,bm25,0.000000,0.000000,0.000000,0.000000,0.000000
6800,dense,1.000000,1.000000,1.000000,1.000000,1.000000
6800,rrf,0.000000,0.000000,0.000000,1.000000,0.000000
6800,rrf_rerank,1.000000,1.000000,1.000000,1.000000,1.000000
6803,bm25,0.195190,0.250000,0.250000,0.500000,0.333333
6803,dense,0.676024,0.500000,0.750000,0.750000,1.000000
6803,rrf,0.385359,0.250000,0.500000,0.750000,0.500000
6803,rrf_rerank,0.112845,0.000000,0.250000,0.750000,0.100000
6807,bm25,1.000000,1.000000,1.000000,1.000000,1.000000
6807,dense,1.000000,1.000000,1.000000,1.000000,1.000000
6807,rrf,1.000000,1.000000,1.000000,1.000000,1.000000
6807,rrf_rerank,1.000000,1.000000,1.000000,1.000000,1.000000
6814,bm25,0.000000,0.000000,0.000000,0.000000,0.000000
6814,dense,0.000000,0.000000,0.000000,0.000000,0.000000
6814,rrf,0.000000,0.000000,0.000000,0.000000,0.000000
6814,rrf_rerank,0.000000,0.000000,0.000000,0.000000,0.000000
6832,bm25,0.000000,0.000000,0.000000,1.000000,0.000000
6832,dense,0.193426,0.000000,0.500000,0.500000,0.125000
6832,rrf,0.204382,0.000000,0.500000,1.000000,0.142857
6832,rrf_rerank,0.193426,0.000000,0.500000,1.000000,0.125000
6835,bm25,0.000000,0.000000,0.000000,0.500000,0.000000
6835,dense,0.386853,0.500000,0.500000,0.500000,0.500000
6835,rrf,0.386853,0.500000,0.500000,0.500000,0.500000
6835,rrf_rerank,0.000000,0.000000,0.000000,0.500000,0.000000
684,bm25,0.000000,0.000000,0.000000,0.000000,0.000000
684,dense,0.000000,0.000000,0.000000,0.000000,0.000000
684,rrf,0.000000,0.000000,0.000000,0.000000,0.000000
684,rrf_rerank,0.000000,0.000000,0.000000,0.000000,0.000000
6849,bm25,1.000000,1.000000,1.000000,1.000000,1.000000
6849,dense,0.000000,0.000000,0.000000,1.000000,0.000000
6849,rrf,0.000000,0.000000,0.000000,1.000000,0.000000
6849,rrf_rerank,0.430677,1.000000,1.000000,1.000000,0.250000
6862,bm25,0.000000,0.000000,0.000000,1.000000,0.000000
6862,dense,1.000000,1.000000,1.000000,1.000000,1.000000
6862,rrf,0.430677,1.000000,1.000000,1.000000,0.250000
6862,rrf_rerank,0.630930,1.000000,1.000000,1.000000,0.500000
6867,bm25,0.000000,0.000000,0.000000,0.142857,0.000000
6867,dense,0.554641,0.428571,0.428571,0.571429,1.000000
6867,rrf,0.274876,0.142857,0.142857,0.571429,1.000000
6867,rrf_rerank,0.291810,0.285714,0.285714,0.571429,0.500000
687,bm25,0.000000,0.000000,0.000000,0.000000,0.000000
687,dense,0.000000,0.000000,0.000000,1.000000,0.000000
687,rrf,0.000000,0.000000,0.000000,1.000000,0.000000
687,rrf_rerank,0.000000,0.000000,0.000000,1.000000,0.000000
6875,bm25,0.000000,0.000000,0.000000,1.000000,0.000000
6875,dense,0.000000,0.000000,0.000000,0.000000,0.000000
6875,rrf,0.000000,0.000000,0.000000,1.000000,0.000000
6875,rrf_rerank,0.000000,0.000000,0.000000,1.000000,0.000000
689,bm25,0.000000,0.000000,0.000000,0.000000,0.000000
689,dense,0.000000,0.000000,0.000000,0.000000,0.000000
689,rrf,0.000000,0.000000,0.000000,0.000000,0.000000
689,rrf_rerank,0.000000,0.000000,0.000000,0.000000,0.000000
6890,bm25,0.000000,0.000000,0.000000,0.000000,0.000000
6890,dense,0.613147,0.500000,0.500000,1.000000,1.000000
6890,rrf,0.000000,0.000000,0.000000,0.500000,0.000000
6890,rrf_rerank,0.000000,0.000000,0.000000,0.500000,0.000000
6891,bm25,0.469279,0.333333,0.333333,0.666667,1.000000
6891,dense,0.469279,0.333333,0.333333,0.666667,1.000000
6891,rrf,0.469279,0.333333,0.333333,1.000000,1.000000
6891,rrf_rerank,0.469279,0.333333,0.333333,1.000000,1.000000
6896,bm25,0.000000,0.000000,0.000000,0.000000,0.000000
6896,dense,0.000000,0.000000,0.000000,0.000000,0.000000
6896,rrf,0.000000,0.000000,0.000000,0.000000,0.000000
6896,rrf_rerank,0.000000,0.000000,0.000000,0.000000,0.000000
6901,bm25,0.000000,0.000000,0.000000,1.000000,0.000000
6901,dense,0.000000,0.000000,0.000000,1.000000,0.000000
6901,rrf,0.177239,0.000000,0.500000,1.000000,0.100000
6901,rrf_rerank,0.204382,0.000000,0.500000,1.000000,0.142857
6907,bm25,0.000000,0.000000,0.000000,1.000000,0.000000
6907,dense,0.000000,0.000000,0.000000,1.000000,0.000000
6907,rrf,0.000000,0.000000,0.000000,1.000000,0.000000
6907,rrf_rerank,0.000000,0.000000,0.000000,1.000000,0.000000
6909,bm25,0.000000,0.000000,0.000000,0.000000,0.000000
6909,dense,0.000000,0.000000,0.000000,0.000000,0.000000
6909,rrf,0.000000,0.000000,0.000000,0.000000,0.000000
6909,rrf_rerank,0.000000,0.000000,0.000000,0.000000,0.000000
691,bm25,0.386853,1.000000,1.000000,1.000000,0.200000
691,dense,0.000000,0.000000,0.000000,1.000000,0.000000
691,rrf,0.500000,1.000000,1.000000,1.000000,0.333333
691,rrf_rerank,0.430677,1.000000,1.000000,1.000000,0.250000
6959,bm25,0.000000,0.000000,0.000000,0.000000,0.000000
6959,dense,0.613147,0.500000,0.500000,1.000000,1.000000
6959,rrf,0.184576,0.000000,0.500000,1.000000,0.111111
6959,rrf_rerank,0.000000,0.000000,0.000000,1.000000,0.000000
6985,bm25,0.630930,1.000000,1.000000,1.000000,0.500000
6985,dense,1.000000,1.000000,1.000000,1.000000,1.000000
6985,rrf,1.000000,1.000000,1.000000,1.000000,1.000000
6985,rrf_rerank,1.000000,1.000000,1.000000,1.000000,1.000000
699,bm25,0.333333,0.000000,1.000000,1.000000,0.142857
699,dense,0.630930,1.000000,1.000000,1.000000,0.500000
699,rrf,1.000000,1.000000,1.000000,1.000000,1.000000
699,rrf_rerank,1.000000,1.000000,1.000000,1.000000,1.000000
701,bm25,0.000000,0.000000,0.000000,0.000000,0.000000
701,dense,0.000000,0.000000,0.000000,0.000000,0.000000
701,rrf,0.000000,0.000000,0.000000,0.000000,0.000000
701,rrf_rerank,0.000000,0.000000,0.000000,0.000000,0.000000
7017,bm25,0.000000,0.000000,0.000000,0.000000,0.000000
7017,dense,0.000000,0.000000,0.000000,0.000000,0.000000
7017,rrf,0.000000,0.000000,0.000000,0.000000,0.000000
7017,rrf_rerank,0.000000,0.000000,0.000000,0.000000,0.000000
7068,bm25,0.831555,0.500000,1.000000,1.000000,1.000000
7068,dense,0.204382,0.000000,0.500000,1.000000,0.142857
7068,rrf,0.570642,1.000000,1.000000,1.000000,0.333333
7068,rrf_rerank,0.386853,0.500000,0.500000,1.000000,0.500000
7071,bm25,0.000000,0.000000,0.000000,0.500000,0.000000
7071,dense,0.000000,0.000000,0.000000,0.500000,0.000000
7071,rrf,0.000000,0.000000,0.000000,0.500000,0.000000
7071,rrf_rerank,0.000000,0.000000,0.000000,0.500000,0.000000
7080,bm25,0.817530,0.500000,1.000000,1.000000,1.000000
7080,dense,0.613147,0.500000,0.500000,1.000000,1.000000
7080,rrf,0.806574,0.500000,1.000000,1.000000,1.000000
7080,rrf_rerank,0.850345,1.000000,1.000000,1.000000,1.000000
7096,bm25,0.000000,0.000000,0.000000,1.000000,0.000000
7096,dense,0.500000,1.000000,1.000000,1.000000,0.333333
7096,rrf,0.500000,1.000000,1.000000,1.000000,0.333333
7096,rrf_rerank,0.430677,1.000000,1.000000,1.000000,0.250000
7098,bm25,0.386853,0.500000,0.500000,0.500000,0.500000
7098,dense,0.797723,0.500000,1.000000,1.000000,1.000000
7098,rrf,0.613147,0.500000,0.500000,1.000000,1.000000
7098,rrf_rerank,0.613147,0.500000,0.500000,1.000000,1.000000
7105,bm25,0.333333,0.000000,1.000000,1.000000,0.142857
7105,dense,0.500000,1.000000,1.000000,1.000000,0.333333
7105,rrf,0.500000,1.000000,1.000000,1.000000,0.333333
7105,rrf_rerank,0.500000,1.000000,1.000000,1.000000,0.333333
7109,bm25,0.469279,0.333333,0.333333,0.666667,1.000000
7109,dense,0.202107,0.333333,0.333333,0.666667,0.250000
7109,rrf,0.431734,0.333333,0.666667,0.666667,0.500000
7109,rrf_rerank,0.296082,0.333333,0.333333,0.666667,0.500000
7124,bm25,0.000000,0.000000,0.000000,0.500000,0.000000
7124,dense,0.390380,0.250000,0.250000,0.500000,1.000000
7124,rrf,0.390380,0.250000,0.250000,0.250000,1.000000
7124,rrf_rerank,0.390380,0.250000,0.250000,0.250000,1.000000
7141,bm25,0.000000,0.000000,0.000000,0.000000,0.000000
7141,dense,0.000000,0.000000,0.000000,0.500000,0.000000
7141,rrf,0.000000,0.000000,0.000000,0.500000,0.000000
7141,rrf_rerank,0.000000,0.000000,0.000000,0.500000,0.000000
7145,bm25,0.000000,0.000000,0.000000,0.333333,0.000000
7145,dense,0.431734,0.333333,0.666667,0.666667,0.500000
7145,rrf,0.000000,0.000000,0.000000,0.666667,0.000000
7145,rrf_rerank,0.181542,0.333333,0.333333,0.666667,0.200000
715,bm25,0.000000,0.000000,0.000000,0.000000,0.000000
715,dense,0.000000,0.000000,0.000000,0.000000,0.000000
715,rrf,0.000000,0.000000,0.000000,0.000000,0.000000
715,rrf_rerank,0.000000,0.000000,0.000000,0.000000,0.000000
7178,bm25,0.000000,0.000000,0.000000,1.000000,0.000000
7178,dense,1.000000,1.000000,1.000000,1.000000,1.000000
7178,rrf,0.301030,0.000000,1.000000,1.000000,0.111111
7178,rrf_rerank,0.000000,0.000000,0.000000,1.000000,0.000000
7188,bm25,0.000000,0.000000,0.000000,1.000000,0.000000
7188,dense,1.000000,1.000000,1.000000,1.000000,1.000000
7188,rrf,0.500000,1.000000,1.000000,1.000000,0.333333
7188,rrf_rerank,0.500000,1.000000,1.000000,1.000000,0.333333
7205,bm25,0.386853,1.000000,1.000000,1.000000,0.200000
7205,dense,1.000000,1.000000,1.000000,1.000000,1.000000
7205,rrf,1.000000,1.000000,1.000000,1.000000,1.000000
7205,rrf_rerank,1.000000,1.000000,1.000000,1.000000,1.000000
7206,bm25,0.000000,0.000000,0.000000,0.000000,0.000000
7206,dense,0.000000,0.000000,0.000000,0.000000,0.000000
7206,rrf,0.000000,0.000000,0.000000,0.000000,0.000000
7206,rrf_rerank,0.000000,0.000000,0.000000,0.000000,0.000000
721,bm25,0.500000,1.000000,1.000000,1.000000,0.333333
721,dense,1.000000,1.000000,1.000000,1.000000,1.000000
721,rrf,1.000000,1.000000,1.000000,1.000000,1.000000
721,rrf_rerank,1.000000,1.000000,1.000000,1.000000,1.000000
7218,bm25,0.386853,1.000000,1.000000,1.000000,0.200000
7218,dense,0.000000,0.000000,0.000000,1.000000,0.000000
7218,rrf,0.315465,0.000000,1.000000,1.000000,0.125000
7218,rrf_rerank,0.630930,1.000000,1.000000,1.000000,0.500000
7221,bm25,0.000000,0.000000,0.000000,0.000000,0.000000
7221,dense,0.000000,0.000000,0.000000,0.000000,0.000000
7221,rrf,0.000000,0.000000,0.000000,0.000000,0.000000
7221,rrf_rerank,0.000000,0.000000,0.000000,0.000000,0.000000
7269,bm25,0.000000,0.000000,0.000000,0.000000,0.000000
7269,dense,0.356207,0.000000,1.000000,1.000000,0.166667
7269,rrf,0.000000,0.000000,0.000000,1.000000,0.000000
7269,rrf_rerank,0.000000,0.000000,0.000000,1.000000,0.000000
7279,bm25,0.268536,0.250000,0.500000,0.500000,0.200000
7279,dense,0.749528,0.500000,0.750000,1.000000,1.000000
7279,rrf,0.414430,0.500000,0.500000,1.000000,0.500000
7279,rrf_rerank,0.195190,0.250000,0.250000,1.000000,0.333333
7295,bm25,0.000000,0.000000,0.000000,0.000000,0.000000
7295,dense,0.000000,0.000000,0.000000,0.000000,0.000000
7295,rrf,0.000000,0.000000,0.000000,0.000000,0.000000
7295,rrf_rerank,0.000000,0.000000,0.000000,0.000000,0.000000
7311,bm25,0.000000,0.000000,0.000000,0.000000,0.000000
7311,dense,0.000000,0.000000,0.000000,0.000000,0.000000
7311,rrf,0.000000,0.000000,0.000000,0.000000,0.000000
7311,rrf_rerank,0.000000,0.000000,0.000000,0.000000,0.000000
7326,bm25,0.000000,0.000000,0.000000,0.000000,0.000000
7326,dense,0.000000,0.000000,0.000000,0.000000,0.000000
7326,rrf,0.000000,0.000000,0.000000,0.000000,0.000000
7326,rrf_rerank,0.000000,0.000000,0.000000,0.000000,0.000000
7329,bm25,0.000000,0.000000,0.000000,0.500000,0.000000
7329,dense,0.386853,0.500000,0.500000,1.000000,0.500000
7329,rrf,0.184576,0.000000,0.500000,1.000000,0.111111
7329,rrf_rerank,0.264068,0.500000,0.500000,1.000000,0.250000
7344,bm25,0.386853,0.500000,0.500000,0.500000,0.500000
7344,dense,0.613147,0.500000,0.500000,0.500000,1.000000
7344,rrf,0.613147,0.500000,0.500000,0.500000,1.000000
7344,rrf_rerank,0.386853,0.500000,0.500000,0.500000,0.500000
7345,bm25,0.000000,0.000000,0.000000,0.333333,0.000000
7345,dense,0.337759,0.333333,0.666667,0.666667,0.250000
7345,rrf,0.156426,0.000000,0.333333,0.666667,0.142857
7345,rrf_rerank,0.141267,0.000000,0.333333,0.666667,0.111111
7377,bm25,0.356207,0.000000,1.000000,1.000000,0.166667
7377,dense,0.000000,0.000000,0.000000,0.000000,0.000000
7377,rrf,0.000000,0.000000,0.000000,1.000000,0.000000
7377,rrf_rerank,0.500000,1.000000,1.000000,1.000000,0.333333
7431,bm25,0.000000,0.000000,0.000000,1.000000,0.000000
7431,dense,0.000000,0.000000,0.000000,0.000000,0.000000
7431,rrf,0.000000,0.000000,0.000000,1.000000,0.000000
7431,rrf_rerank,0.000000,0.000000,0.000000,1.000000,0.000000
744,bm25,0.000000,0.000000,0.000000,0.000000,0.000000
744,dense,0.000000,0.000000,0.000000,0.333333,0.000000
744,rrf,0.000000,0.000000,0.000000,0.000000,0.000000
744,rrf_rerank,0.000000,0.000000,0.000000,0.000000,0.000000
7441,bm25,0.156426,0.000000,0.333333,0.666667,0.142857
7441,dense,0.234639,0.333333,0.333333,0.666667,0.333333
7441,rrf,0.636439,0.333333,0.666667,0.666667,1.000000
7441,rrf_rerank,0.444123,0.333333,0.666667,0.666667,0.500000
7445,bm25,0.000000,0.000000,0.000000,0.000000,0.000000
7445,dense,0.000000,0.000000,0.000000,0.333333,0.000000
7445,rrf,0.000000,0.000000,0.000000,0.333333,0.000000
7445,rrf_rerank,0.000000,0.000000,0.000000,0.333333,0.000000
7448,bm25,1.000000,1.000000,1.000000,1.000000,1.000000
7448,dense,0.356207,0.000000,1.000000,1.000000,0.166667
7448,rrf,0.630930,1.000000,1.000000,1.000000,0.500000
7448,rrf_rerank,1.000000,1.000000,1.000000,1.000000,1.000000
7456,bm25,0.000000,0.000000,0.000000,1.000000,0.000000
7456,dense,0.000000,0.000000,0.000000,1.000000,0.000000
7456,rrf,0.000000,0.000000,0.000000,1.000000,0.000000
7456,rrf_rerank,0.000000,0.000000,0.000000,1.000000,0.000000
7463,bm25,0.000000,0.000000,0.000000,0.200000,0.000000
7463,dense,0.000000,0.000000,0.000000,0.200000,0.000000
7463,rrf,0.000000,0.000000,0.000000,0.000000,0.000000
7463,rrf_rerank,0.000000,0.000000,0.000000,0.000000,0.000000
7467,bm25,0.315465,0.000000,1.000000,1.000000,0.125000
7467,dense,1.000000,1.000000,1.000000,1.000000,1.000000
7467,rrf,0.500000,1.000000,1.000000,1.000000,0.333333
7467,rrf_rerank,1.000000,1.000000,1.000000,1.000000,1.000000
7484,bm25,1.000000,1.000000,1.000000,1.000000,1.000000
7484,dense,1.000000,1.000000,1.000000,1.000000,1.000000
7484,rrf,1.000000,1.000000,1.000000,1.000000,1.000000
7484,rrf_rerank,1.000000,1.000000,1.000000,1.000000,1.000000
750,bm25,0.797723,0.500000,1.000000,1.000000,1.000000
750,dense,0.817530,0.500000,1.000000,1.000000,1.000000
750,rrf,0.877215,1.000000,1.000000,1.000000,1.000000
750,rrf_rerank,0.831555,0.500000,1.000000,1.000000,1.000000
7509,bm25,0.000000,0.000000,0.000000,0.000000,0.000000
7509,dense,0.000000,0.000000,0.000000,0.000000,0.000000
7509,rrf,0.000000,0.000000,0.000000,0.000000,0.000000
7509,rrf_rerank,0.000000,0.000000,0.000000,0.000000,0.000000
7512,bm25,0.000000,0.000000,0.000000,0.000000,0.000000
7512,dense,0.000000,0.000000,0.000000,0.000000,0.000000
7512,rrf,0.000000,0.000000,0.000000,0.000000,0.000000
7512,rrf_rerank,0.000000,0.000000,0.000000,0.000000,0.000000
7513,bm25,0.000000,0.000000,0.000000,0.666667,0.000000
7513,dense,0.000000,0.000000,0.000000,0.333333,0.000000
7513,rrf,0.000000,0.000000,0.000000,0.666667,0.000000
7513,rrf_rerank,0.000000,0.000000,0.000000,0.666667,0.000000
7529,bm25,0.306574,0.500000,0.500000,0.500000,0.333333
7529,dense,0.204382,0.000000,0.500000,0.500000,0.142857
7529,rrf,0.264068,0.500000,0.500000,0.500000,0.250000
7529,rrf_rerank,0.204382,0.000000,0.500000,0.500000,0.142857
753,bm25,0.000000,0.000000,0.000000,0.500000,0.000000
753,dense,0.177239,0.000000,0.500000,0.500000,0.100000
753,rrf,0.237198,0.500000,0.500000,0.500000,0.200000
753,rrf_rerank,0.386853,0.500000,0.500000,0.500000,0.500000
7533,bm25,0.000000,0.000000,0.000000,0.500000,0.000000
7533,dense,0.000000,0.000000,0.000000,0.500000,0.000000
7533,rrf,0.204382,0.000000,0.500000,0.500000,0.142857
7533,rrf_rerank,0.000000,0.000000,0.000000,0.500000,0.000000
7534,bm25,0.296082,0.333333,0.333333,0.333333,0.500000
7534,dense,0.469279,0.333333,0.333333,0.666667,1.000000
7534,rrf,0.469279,0.333333,0.333333,0.333333,1.000000
7534,rrf_rerank,0.469279,0.333333,0.333333,0.333333,1.000000
7590,bm25,0.386853,0.500000,0.500000,1.000000,0.500000
7590,dense,0.693426,1.000000,1.000000,1.000000,0.500000
7590,rrf,0.605260,0.500000,1.000000,1.000000,0.500000
7590,rrf_rerank,0.877215,1.000000,1.000000,1.000000,1.000000
7592,bm25,0.000000,0.000000,0.000000,1.000000,0.000000
7592,dense,0.000000,0.000000,0.000000,0.000000,0.000000
7592,rrf,0.000000,0.000000,0.000000,1.000000,0.000000
7592,rrf_rerank,0.000000,0.000000,0.000000,1.000000,0.000000
7594,bm25,0.000000,0.000000,0.000000,0.000000,0.000000
7594,dense,0.000000,0.000000,0.000000,0.000000,0.000000
7594,rrf,0.000000,0.000000,0.000000,0.000000,0.000000
7594,rrf_rerank,0.000000,0.000000,0.000000,0.000000,0.000000
7622,bm25,0.000000,0.000000,0.000000,0.000000,0.000000
7622,dense,0.000000,0.000000,0.000000,0.000000,0.000000
7622,rrf,0.000000,0.000000,0.000000,0.000000,0.000000
7622,rrf_rerank,0.000000,0.000000,0.000000,0.000000,0.000000
7633,bm25,0.390380,0.250000,0.250000,0.750000,1.000000
7633,dense,0.390380,0.250000,0.250000,0.750000,1.000000
7633,rrf,0.390380,0.250000,0.250000,0.750000,1.000000
7633,rrf_rerank,0.390380,0.250000,0.250000,0.750000,1.000000
766,bm25,0.000000,0.000000,0.000000,0.666667,0.000000
766,dense,0.148041,0.000000,0.333333,0.333333,0.125000
766,rrf,0.181542,0.333333,0.333333,0.666667,0.200000
766,rrf_rerank,0.234639,0.333333,0.333333,0.666667,0.333333
7674,bm25,0.000000,0.000000,0.000000,0.333333,0.000000
7674,dense,0.000000,0.000000,0.000000,0.666667,0.000000
7674,rrf,0.000000,0.000000,0.000000,0.666667,0.000000
7674,rrf_rerank,0.000000,0.000000,0.000000,0.666667,0.000000
7700,bm25,0.000000,0.000000,0.000000,0.000000,0.000000
7700,dense,0.168128,0.250000,0.250000,0.250000,0.250000
7700,rrf,0.000000,0.000000,0.000000,0.250000,0.000000
7700,rrf_rerank,0.000000,0.000000,0.000000,0.250000,0.000000
7702,bm25,0.613147,0.500000,0.500000,1.000000,1.000000
7702,dense,0.218407,0.000000,0.500000,1.000000,0.166667
7702,rrf,0.193426,0.000000,0.500000,1.000000,0.125000
7702,rrf_rerank,0.421773,0.500000,1.000000,1.000000,0.200000
7705,bm25,0.383649,0.666667,0.666667,0.666667,0.250000
7705,dense,0.431734,0.333333,0.666667,0.666667,0.500000
7705,rrf,0.498189,0.666667,0.666667,0.666667,0.500000
7705,rrf_rerank,0.234639,0.333333,0.333333,0.666667,0.333333
7734,bm25,0.613147,0.500000,0.500000,1.000000,1.000000
7734,dense,0.613147,0.500000,0.500000,1.000000,1.000000
7734,rrf,0.613147,0.500000,0.500000,1.000000,1.000000
7734,rrf_rerank,0.613147,0.500000,0.500000,1.000000,1.000000
7747,bm25,0.000000,0.000000,0.000000,0.500000,0.000000
7747,dense,0.000000,0.000000,0.000000,0.500000,0.000000
7747,rrf,0.177239,0.000000,0.500000,0.500000,0.100000
7747,rrf_rerank,0.000000,0.000000,0.000000,0.500000,0.000000
7754,bm25,0.000000,0.000000,0.000000,1.000000,0.000000
7754,dense,1.000000,1.000000,1.000000,1.000000,1.000000
7754,rrf,0.315465,0.000000,1.000000,1.000000,0.125000
7754,rrf_rerank,0.500000,1.000000,1.000000,1.000000,0.333333
7758,bm25,0.000000,0.000000,0.000000,1.000000,0.000000
7758,dense,1.000000,1.000000,1.000000,1.000000,1.000000
7758,rrf,0.430677,1.000000,1.000000,1.000000,0.250000
7758,rrf_rerank,0.500000,1.000000,1.000000,1.000000,0.333333
776,bm25,0.220092,0.083333,0.083333,0.416667,1.000000
776,dense,0.381134,0.166667,0.250000,0.500000,1.000000
776,rrf,0.355777,0.083333,0.250000,0.416667,1.000000
776,rrf_rerank,0.289523,0.083333,0.166667,0.416667,1.000000
7801,bm25,0.306574,0.500000,0.500000,0.500000,0.333333
7801,dense,0.817530,0.500000,1.000000,1.000000,1.000000
7801,rrf,0.919721,1.000000,1.000000,1.000000,1.000000
7801,rrf_rerank,1.000000,1.000000,1.000000,1.000000,1.000000
7803,bm25,0.000000,0.000000,0.000000,0.500000,0.000000
7803,dense,0.000000,0.000000,0.000000,1.000000,0.000000
7803,rrf,0.000000,0.000000,0.000000,1.000000,0.000000
7803,rrf_rerank,0.000000,0.000000,0.000000,1.000000,0.000000
7823,bm25,0.469279,0.333333,0.333333,0.666667,1.000000
7823,dense,0.469279,0.333333,0.333333,1.000000,1.000000
7823,rrf,0.469279,0.333333,0.333333,1.000000,1.000000
7823,rrf_rerank,0.469279,0.333333,0.333333,1.000000,1.000000
7876,bm25,0.289065,0.000000,1.000000,1.000000,0.100000
7876,dense,0.000000,0.000000,0.000000,0.000000,0.000000
7876,rrf,0.000000,0.000000,0.000000,1.000000,0.000000
7876,rrf_rerank,0.356207,0.000000,1.000000,1.000000,0.166667
7879,bm25,0.000000,0.000000,0.000000,0.333333,0.000000
7879,dense,0.000000,0.000000,0.000000,0.666667,0.000000
7879,rrf,0.156426,0.000000,0.333333,0.333333,0.142857
7879,rrf_rerank,0.167160,0.000000,0.333333,0.333333,0.166667
7880,bm25,0.386853,0.500000,0.500000,0.500000,0.500000
7880,dense,0.000000,0.000000,0.000000,0.500000,0.000000
7880,rrf,0.237198,0.500000,0.500000,0.500000,0.200000
7880,rrf_rerank,0.184576,0.000000,0.500000,0.500000,0.111111
7911,bm25,1.000000,1.000000,1.000000,1.000000,1.000000
7911,dense,1.000000,1.000000,1.000000,1.000000,1.000000
7911,rrf,1.000000,1.000000,1.000000,1.000000,1.000000
7911,rrf_rerank,1.000000,1.000000,1.000000,1.000000,1.000000
7925,bm25,0.000000,0.000000,0.000000,0.333333,0.000000
7925,dense,0.000000,0.000000,0.000000,0.166667,0.000000
7925,rrf,0.000000,0.000000,0.000000,0.166667,0.000000
7925,rrf_rerank,0.000000,0.000000,0.000000,0.166667,0.000000
7928,bm25,0.246302,0.250000,0.250000,0.500000,0.500000
7928,dense,0.000000,0.000000,0.000000,0.500000,0.000000
7928,rrf,0.000000,0.000000,0.000000,0.500000,0.000000
7928,rrf_rerank,0.151020,0.250000,0.250000,0.500000,0.200000
7936,bm25,0.156426,0.000000,0.333333,1.000000,0.142857
7936,dense,0.530721,0.666667,0.666667,1.000000,0.500000
7936,rrf,0.375906,0.333333,0.666667,1.000000,0.333333
7936,rrf_rerank,0.337968,0.333333,0.666667,1.000000,0.200000
7992,bm25,0.306574,0.500000,0.500000,1.000000,0.333333
7992,dense,0.177239,0.000000,0.500000,1.000000,0.100000
7992,rrf,0.306574,0.500000,0.500000,1.000000,0.333333
7992,rrf_rerank,0.306574,0.500000,0.500000,1.000000,0.333333
8,bm25,0.613147,0.500000,0.500000,0.500000,1.000000
8,dense,0.613147,0.500000,0.500000,0.500000,1.000000
8,rrf,0.613147,0.500000,0.500000,0.500000,1.000000
8,rrf_rerank,0.613147,0.500000,0.500000,0.500000,1.000000
8002,bm25,0.234639,0.333333,0.333333,0.666667,0.333333
8002,dense,0.416181,0.666667,0.666667,0.666667,0.333333
8002,rrf,0.296082,0.333333,0.333333,0.666667,0.500000
8002,rrf_rerank,0.296082,0.333333,0.333333,0.666667,0.500000
8005,bm25,0.000000,0.000000,0.000000,0.000000,0.000000
8005,dense,0.000000,0.000000,0.000000,1.000000,0.000000
8005,rrf,0.000000,0.000000,0.000000,1.000000,0.000000
8005,rrf_rerank,0.000000,0.000000,0.000000,1.000000,0.000000
8013,bm25,0.000000,0.000000,0.000000,0.000000,0.000000
8013,dense,0.000000,0.000000,0.000000,0.000000,0.000000
8013,rrf,0.000000,0.000000,0.000000,0.000000,0.000000
8013,rrf_rerank,0.000000,0.000000,0.000000,0.000000,0.000000
8017,bm25,0.000000,0.000000,0.000000,0.000000,0.000000
8017,dense,0.430677,1.000000,1.000000,1.000000,0.250000
8017,rrf,0.000000,0.000000,0.000000,1.000000,0.000000
8017,rrf_rerank,0.500000,1.000000,1.000000,1.000000,0.333333
8034,bm25,0.000000,0.000000,0.000000,0.000000,0.000000
8034,dense,0.000000,0.000000,0.000000,1.000000,0.000000
8034,rrf,0.000000,0.000000,0.000000,0.000000,0.000000
8034,rrf_rerank,0.000000,0.000000,0.000000,0.000000,0.000000
8040,bm25,0.630930,1.000000,1.000000,1.000000,0.500000
8040,dense,0.630930,1.000000,1.000000,1.000000,0.500000
8040,rrf,0.630930,1.000000,1.000000,1.000000,0.500000
8040,rrf_rerank,0.630930,1.000000,1.000000,1.000000,0.500000
8072,bm25,0.437349,0.333333,0.666667,1.000000,0.500000
8072,dense,0.444123,0.333333,0.666667,1.000000,0.500000
8072,rrf,0.636439,0.333333,0.666667,1.000000,1.000000
8072,rrf_rerank,0.358534,0.333333,0.666667,1.000000,0.250000
8079,bm25,0.375906,0.333333,0.666667,1.000000,0.333333
8079,dense,1.000000,1.000000,1.000000,1.000000,1.000000
8079,rrf,0.932521,0.666667,1.000000,1.000000,1.000000
8079,rrf_rerank,0.604931,0.333333,0.666667,1.000000,1.000000
810,bm25,0.000000,0.000000,0.000000,1.000000,0.000000
810,dense,0.000000,0.000000,0.000000,1.000000,0.000000
810,rrf,0.000000,0.000000,0.000000,1.000000,0.000000
810,rrf_rerank,0.301030,0.000000,1.000000,1.000000,0.111111
8102,bm25,0.000000,0.000000,0.000000,0.500000,0.000000
8102,dense,0.246302,0.250000,0.250000,0.250000,0.500000
8102,rrf,0.151020,0.250000,0.250000,0.250000,0.200000
8102,rrf_rerank,0.000000,0.000000,0.000000,0.250000,0.000000
8116,bm25,0.850345,1.000000,1.000000,1.000000,1.000000
8116,dense,0.570642,1.000000,1.000000,1.000000,0.333333
8116,rrf,0.650921,1.000000,1.000000,1.000000,0.500000
8116,rrf_rerank,0.204382,0.000000,0.500000,1.000000,0.142857
8121,bm25,0.630930,1.000000,1.000000,1.000000,0.500000
8121,dense,0.315465,0.000000,1.000000,1.000000,0.125000
8121,rrf,1.000000,1.000000,1.000000,1.000000,1.000000
8121,rrf_rerank,0.500000,1.000000,1.000000,1.000000,0.333333
813,bm25,0.000000,0.000000,0.000000,1.000000,0.000000
813,dense,0.000000,0.000000,0.000000,0.500000,0.000000
813,rrf,0.177239,0.000000,0.500000,0.500000,0.100000
813,rrf_rerank,0.264068,0.500000,0.500000,0.500000,0.250000
8202,bm25,0.000000,0.000000,0.000000,0.500000,0.000000
8202,dense,0.000000,0.000000,0.000000,0.000000,0.000000
8202,rrf,0.000000,0.000000,0.000000,0.000000,0.000000
8202,rrf_rerank,0.000000,0.000000,0.000000,0.000000,0.000000
8230,bm25,0.000000,0.000000,0.000000,0.500000,0.000000
8230,dense,0.177239,0.000000,0.500000,0.500000,0.100000
8230,rrf,0.000000,0.000000,0.000000,1.000000,0.000000
8230,rrf_rerank,0.000000,0.000000,0.000000,1.000000,0.000000
8247,bm25,0.000000,0.000000,0.000000,0.000000,0.000000
8247,dense,0.000000,0.000000,0.000000,0.500000,0.000000
8247,rrf,0.000000,0.000000,0.000000,0.500000,0.000000
8247,rrf_rerank,0.000000,0.000000,0.000000,0.500000,0.000000
8271,bm25,0.613147,0.500000,0.500000,0.500000,1.000000
8271,dense,0.613147,0.500000,0.500000,0.500000,1.000000
8271,rrf,0.613147,0.500000,0.500000,0.500000,1.000000
8271,rrf_rerank,0.613147,0.500000,0.500000,0.500000,1.000000
8275,bm25,0.289065,0.000000,1.000000,1.000000,0.100000
8275,dense,0.000000,0.000000,0.000000,0.000000,0.000000
8275,rrf,0.000000,0.000000,0.000000,1.000000,0.000000
8275,rrf_rerank,0.000000,0.000000,0.000000,1.000000,0.000000
8296,bm25,0.790386,0.500000,1.000000,1.000000,1.000000
8296,dense,1.000000,1.000000,1.000000,1.000000,1.000000
8296,rrf,0.877215,1.000000,1.000000,1.000000,1.000000
8296,rrf_rerank,0.693426,1.000000,1.000000,1.000000,0.500000
8332,bm25,0.625705,0.333333,0.666667,1.000000,1.000000
8332,dense,0.671386,0.666667,0.666667,1.000000,1.000000
8332,rrf,0.679731,1.000000,1.000000,1.000000,0.500000
8332,rrf_rerank,0.431734,0.333333,0.666667,1.000000,0.500000
8351,bm25,0.193426,0.000000,0.500000,0.500000,0.125000
8351,dense,0.000000,0.000000,0.000000,0.000000,0.000000
8351,rrf,0.000000,0.000000,0.000000,0.500000,0.000000
8351,rrf_rerank,0.613147,0.500000,0.500000,0.500000,1.000000
8378,bm25,0.135652,0.000000,0.333333,0.333333,0.100000
8378,dense,0.167160,0.000000,0.333333,0.333333,0.166667
8378,rrf,0.167160,0.000000,0.333333,0.333333,0.166667
8378,rrf_rerank,0.000000,0.000000,0.000000,0.333333,0.000000
8456,bm25,0.469279,0.333333,0.333333,0.333333,1.000000
8456,dense,0.469279,0.333333,0.333333,0.333333,1.000000
8456,rrf,0.469279,0.333333,0.333333,0.333333,1.000000
8456,rrf_rerank,0.469279,0.333333,0.333333,0.333333,1.000000
8475,bm25,0.527761,0.285714,0.428571,0.857143,1.000000
8475,dense,0.902087,0.714286,0.857143,1.000000,1.000000
8475,rrf,0.902087,0.714286,0.857143,1.000000,1.000000
8475,rrf_rerank,0.897175,0.714286,0.857143,1.000000,1.000000
849,bm25,0.000000,0.000000,0.000000,1.000000,0.000000
849,dense,0.000000,0.000000,0.000000,1.000000,0.000000
849,rrf,0.000000,0.000000,0.000000,1.000000,0.000000
849,rrf_rerank,0.000000,0.000000,0.000000,1.000000,0.000000
8507,bm25,0.000000,0.000000,0.000000,0.333333,0.000000
8507,dense,0.000000,0.000000,0.000000,0.333333,0.000000
8507,rrf,0.141267,0.000000,0.333333,0.333333,0.111111
8507,rrf_rerank,0.167160,0.000000,0.333333,0.333333,0.166667
8512,bm25,0.386853,1.000000,1.000000,1.000000,0.200000
8512,dense,0.000000,0.000000,0.000000,1.000000,0.000000
8512,rrf,0.500000,1.000000,1.000000,1.000000,0.333333
8512,rrf_rerank,0.000000,0.000000,0.000000,1.000000,0.000000
8513,bm25,0.000000,0.000000,0.000000,0.000000,0.000000
8513,dense,0.000000,0.000000,0.000000,0.000000,0.000000
8513,rrf,0.000000,0.000000,0.000000,0.000000,0.000000
8513,rrf_rerank,0.000000,0.000000,0.000000,0.000000,0.000000
852,bm25,0.860344,0.666667,1.000000,1.000000,1.000000
852,dense,0.906025,1.000000,1.000000,1.000000,1.000000
852,rrf,0.906025,1.000000,1.000000,1.000000,1.000000
852,rrf_rerank,0.452508,0.333333,0.666667,1.000000,0.500000
853,bm25,0.000000,0.000000,0.000000,0.500000,0.000000
853,dense,0.000000,0.000000,0.000000,1.000000,0.000000
853,rrf,0.000000,0.000000,0.000000,1.000000,0.000000
853,rrf_rerank,0.000000,0.000000,0.000000,1.000000,0.000000
8532,bm25,0.296082,0.333333,0.333333,0.333333,0.500000
8532,dense,0.296082,0.333333,0.333333,1.000000,0.500000
8532,rrf,0.469279,0.333333,0.333333,0.333333,1.000000
8532,rrf_rerank,0.202107,0.333333,0.333333,0.333333,0.250000
8537,bm25,0.000000,0.000000,0.000000,0.000000,0.000000
8537,dense,0.356207,0.000000,1.000000,1.000000,0.166667
8537,rrf,0.000000,0.000000,0.000000,1.000000,0.000000
8537,rrf_rerank,0.386853,1.000000,1.000000,1.000000,0.200000
8539,bm25,0.000000,0.000000,0.000000,0.000000,0.000000
8539,dense,0.117516,0.000000,0.250000,0.250000,0.111111
8539,rrf,0.000000,0.000000,0.000000,0.250000,0.000000
8539,rrf_rerank,0.000000,0.000000,0.000000,0.250000,0.000000
8544,bm25,0.613147,0.500000,0.500000,1.000000,1.000000
8544,dense,1.000000,1.000000,1.000000,1.000000,1.000000
8544,rrf,0.797723,0.500000,1.000000,1.000000,1.000000
8544,rrf_rerank,0.613147,0.500000,0.500000,1.000000,1.000000
858,bm25,0.000000,0.000000,0.000000,0.000000,0.000000
858,dense,0.000000,0.000000,0.000000,0.250000,0.000000
858,rrf,0.000000,0.000000,0.000000,0.250000,0.000000
858,rrf_rerank,0.000000,0.000000,0.000000,0.250000,0.000000
859,bm25,0.000000,0.000000,0.000000,0.500000,0.000000
859,dense,0.000000,0.000000,0.000000,0.500000,0.000000
859,rrf,0.000000,0.000000,0.000000,0.500000,0.000000
859,rrf_rerank,0.386853,0.500000,0.500000,0.500000,0.500000
8592,bm25,0.322809,0.333333,0.666667,0.666667,0.200000
8592,dense,0.315201,0.000000,0.666667,1.000000,0.166667
8592,rrf,0.167160,0.000000,0.333333,1.000000,0.166667
8592,rrf_rerank,0.617320,0.333333,0.666667,1.000000,1.000000
8632,bm25,0.000000,0.000000,0.000000,0.500000,0.000000
8632,dense,0.613147,0.500000,0.500000,0.500000,1.000000
8632,rrf,0.237198,0.500000,0.500000,0.500000,0.200000
8632,rrf_rerank,0.613147,0.500000,0.500000,0.500000,1.000000
8635,bm25,0.000000,0.000000,0.000000,0.000000,0.000000
8635,dense,0.000000,0.000000,0.000000,0.000000,0.000000
8635,rrf,0.000000,0.000000,0.000000,0.000000,0.000000
8635,rrf_rerank,0.000000,0.000000,0.000000,0.000000,0.000000
864,bm25,0.225784,0.166667,0.333333,0.666667,0.250000
864,dense,0.589608,0.666667,0.666667,0.666667,0.500000
864,rrf,0.545472,0.333333,0.666667,0.666667,0.500000
864,rrf_rerank,0.740285,0.500000,0.666667,0.666667,1.000000
8702,bm25,0.671386,0.666667,0.666667,1.000000,1.000000
8702,dense,0.671386,0.666667,0.666667,1.000000,1.000000
8702,rrf,0.703918,0.666667,0.666667,1.000000,1.000000
8702,rrf_rerank,0.765361,0.666667,0.666667,1.000000,1.000000
8779,bm25,0.000000,0.000000,0.000000,1.000000,0.000000
8779,dense,0.000000,0.000000,0.000000,1.000000,0.000000
8779,rrf,0.000000,0.000000,0.000000,1.000000,0.000000
8779,rrf_rerank,0.184576,0.000000,0.500000,1.000000,0.111111
8789,bm25,0.765361,0.666667,0.666667,0.666667,1.000000
8789,dense,0.765361,0.666667,0.666667,1.000000,1.000000
8789,rrf,0.765361,0.666667,0.666667,1.000000,1.000000
8789,rrf_rerank,0.765361,0.666667,0.666667,1.000000,1.000000
879,bm25,0.630930,1.000000,1.000000,1.000000,0.500000
879,dense,1.000000,1.000000,1.000000,1.000000,1.000000
879,rrf,1.000000,1.000000,1.000000,1.000000,1.000000
879,rrf_rerank,0.630930,1.000000,1.000000,1.000000,0.500000
8795,bm25,1.000000,1.000000,1.000000,1.000000,1.000000
8795,dense,1.000000,1.000000,1.000000,1.000000,1.000000
8795,rrf,1.000000,1.000000,1.000000,1.000000,1.000000
8795,rrf_rerank,1.000000,1.000000,1.000000,1.000000,1.000000
8832,bm25,0.630930,1.000000,1.000000,1.000000,0.500000
8832,dense,1.000000,1.000000,1.000000,1.000000,1.000000
8832,rrf,1.000000,1.000000,1.000000,1.000000,1.000000
8832,rrf_rerank,0.630930,1.000000,1.000000,1.000000,0.500000
8834,bm25,0.000000,0.000000,0.000000,0.666667,0.000000
8834,dense,0.117063,0.166667,0.166667,0.666667,0.200000
8834,rrf,0.259090,0.166667,0.333333,0.833333,0.333333
8834,rrf_rerank,0.342222,0.333333,0.333333,0.833333,0.500000
885,bm25,0.000000,0.000000,0.000000,0.000000,0.000000
885,dense,0.000000,0.000000,0.000000,0.000000,0.000000
885,rrf,0.000000,0.000000,0.000000,0.000000,0.000000
885,rrf_rerank,0.000000,0.000000,0.000000,0.000000,0.000000
8855,bm25,0.000000,0.000000,0.000000,0.000000,0.000000
8855,dense,0.000000,0.000000,0.000000,0.666667,0.000000
8855,rrf,0.000000,0.000000,0.000000,0.666667,0.000000
8855,rrf_rerank,0.000000,0.000000,0.000000,0.666667,0.000000
8874,bm25,0.333333,0.000000,1.000000,1.000000,0.142857
8874,dense,0.000000,0.000000,0.000000,1.000000,0.000000
8874,rrf,0.356207,0.000000,1.000000,1.000000,0.166667
8874,rrf_rerank,0.500000,1.000000,1.000000,1.000000,0.333333
89,bm25,0.212523,0.166667,0.333333,0.333333,0.200000
89,dense,0.117063,0.166667,0.166667,0.833333,0.200000
89,rrf,0.246762,0.166667,0.333333,0.666667,0.333333
89,rrf_rerank,0.151301,0.166667,0.166667,0.666667,0.333333
8934,bm25,0.264068,0.500000,0.500000,1.000000,0.250000
8934,dense,0.000000,0.000000,0.000000,0.500000,0.000000
8934,rrf,0.177239,0.000000,0.500000,0.500000,0.100000
8934,rrf_rerank,0.237198,0.500000,0.500000,0.500000,0.200000
8937,bm25,0.000000,0.000000,0.000000,0.000000,0.000000
8937,dense,0.356207,0.000000,1.000000,1.000000,0.166667
8937,rrf,0.000000,0.000000,0.000000,1.000000,0.000000
8937,rrf_rerank,0.000000,0.000000,0.000000,1.000000,0.000000
8947,bm25,0.000000,0.000000,0.000000,0.500000,0.000000
8947,dense,0.306574,0.500000,0.500000,0.500000,0.333333
8947,rrf,0.184576,0.000000,0.500000,0.500000,0.111111
8947,rrf_rerank,0.193426,0.000000,0.500000,0.500000,0.125000
895,bm25,0.630930,1.000000,1.000000,1.000000,0.500000
895,dense,1.000000,1.000000,1.000000,1.000000,1.000000
895,rrf,1.000000,1.000000,1.000000,1.000000,1.000000
895,rrf_rerank,0.630930,1.000000,1.000000,1.000000,0.500000
8959,bm25,0.333333,0.000000,1.000000,1.000000,0.142857
8959,dense,0.000000,0.000000,0.000000,1.000000,0.000000
8959,rrf,0.000000,0.000000,0.000000,1.000000,0.000000
8959,rrf_rerank,0.000000,0.000000,0.000000,1.000000,0.000000
8970,bm25,0.306574,0.500000,0.500000,1.000000,0.333333
8970,dense,0.919721,1.000000,1.000000,1.000000,1.000000
8970,rrf,0.693426,1.000000,1.000000,1.000000,0.500000
8970,rrf_rerank,0.877215,1.000000,1.000000,1.000000,1.000000
8974,bm25,0.097852,0.125000,0.125000,0.375000,0.200000
8974,dense,0.361879,0.250000,0.250000,0.625000,1.000000
8974,rrf,0.348320,0.250000,0.375000,0.500000,0.500000
8974,rrf_rerank,0.647940,0.500000,0.500000,0.500000,1.000000
8982,bm25,0.000000,0.000000,0.000000,1.000000,0.000000
8982,dense,0.000000,0.000000,0.000000,0.500000,0.000000
8982,rrf,0.000000,0.000000,0.000000,0.500000,0.000000
8982,rrf_rerank,0.000000,0.000000,0.000000,0.500000,0.000000
90,bm25,0.000000,0.000000,0.000000,0.000000,0.000000
90,dense,0.000000,0.000000,0.000000,1.000000,0.000000
90,rrf,0.000000,0.000000,0.000000,1.000000,0.000000
90,rrf_rerank,0.000000,0.000000,0.000000,1.000000,0.000000
904,bm25,1.000000,1.000000,1.000000,1.000000,1.000000
904,dense,1.000000,1.000000,1.000000,1.000000,1.000000
904,rrf,1.000000,1.000000,1.000000,1.000000,1.000000
904,rrf_rerank,1.000000,1.000000,1.000000,1.000000,1.000000
9060,bm25,0.386853,0.500000,0.500000,0.500000,0.500000
9060,dense,0.613147,0.500000,0.500000,1.000000,1.000000
9060,rrf,0.613147,0.500000,0.500000,1.000000,1.000000
9060,rrf_rerank,0.613147,0.500000,0.500000,1.000000,1.000000
9088,bm25,0.000000,0.000000,0.000000,0.000000,0.000000
9088,dense,0.000000,0.000000,0.000000,0.500000,0.000000
9088,rrf,0.000000,0.000000,0.000000,0.500000,0.000000
9088,rrf_rerank,0.000000,0.000000,0.000000,0.500000,0.000000
9108,bm25,0.000000,0.000000,0.000000,0.000000,0.000000
9108,dense,0.000000,0.000000,0.000000,0.000000,0.000000
9108,rrf,0.000000,0.000000,0.000000,0.000000,0.000000
9108,rrf_rerank,0.000000,0.000000,0.000000,0.000000,0.000000
9115,bm25,0.000000,0.000000,0.000000,0.666667,0.000000
9115,dense,0.391066,0.333333,0.666667,0.666667,0.333333
9115,rrf,0.348702,0.333333,0.666667,0.666667,0.200000
9115,rrf_rerank,0.234639,0.333333,0.333333,0.666667,0.333333
9126,bm25,0.000000,0.000000,0.000000,0.000000,0.000000
9126,dense,0.000000,0.000000,0.000000,0.000000,0.000000
9126,rrf,0.000000,0.000000,0.000000,0.000000,0.000000
9126,rrf_rerank,0.000000,0.000000,0.000000,0.000000,0.000000
9164,bm25,0.000000,0.000000,0.000000,0.333333,0.000000
9164,dense,0.234639,0.333333,0.333333,0.333333,0.333333
9164,rrf,0.181542,0.333333,0.333333,0.333333,0.200000
9164,rrf_rerank,0.000000,0.000000,0.000000,0.333333,0.000000
9174,bm25,0.000000,0.000000,0.000000,0.000000,0.000000
9174,dense,0.213986,0.200000,0.200000,0.800000,0.500000
9174,rrf,0.000000,0.000000,0.000000,0.800000,0.000000
9174,rrf_rerank,0.000000,0.000000,0.000000,0.800000,0.000000
9188,bm25,0.613147,0.500000,0.500000,1.000000,1.000000
9188,dense,0.613147,0.500000,0.500000,1.000000,1.000000
9188,rrf,0.613147,0.500000,0.500000,1.000000,1.000000
9188,rrf_rerank,0.613147,0.500000,0.500000,1.000000,1.000000
9245,bm25,0.000000,0.000000,0.000000,0.000000,0.000000
9245,dense,0.000000,0.000000,0.000000,0.000000,0.000000
9245,rrf,0.000000,0.000000,0.000000,0.000000,0.000000
9245,rrf_rerank,0.000000,0.000000,0.000000,0.000000,0.000000
9275,bm25,0.000000,0.000000,0.000000,0.000000,0.000000
9275,dense,0.000000,0.000000,0.000000,0.500000,0.000000
9275,rrf,0.000000,0.000000,0.000000,0.500000,0.000000
9275,rrf_rerank,0.000000,0.000000,0.000000,0.500000,0.000000
928,bm25,0.264068,0.500000,0.500000,1.000000,0.250000
928,dense,0.613147,0.500000,0.500000,1.000000,1.000000
928,rrf,0.613147,0.500000,0.500000,1.000000,1.000000
928,rrf_rerank,0.306574,0.500000,0.500000,1.000000,0.333333
929,bm25,1.000000,1.000000,1.000000,1.000000,1.000000
929,dense,1.000000,1.000000,1.000000,1.000000,1.000000
929,rrf,1.000000,1.000000,1.000000,1.000000,1.000000
929,rrf_rerank,1.000000,1.000000,1.000000,1.000000,1.000000
9291,bm25,0.000000,0.000000,0.000000,0.500000,0.000000
9291,dense,0.000000,0.000000,0.000000,0.000000,0.000000
9291,rrf,0.000000,0.000000,0.000000,0.500000,0.000000
9291,rrf_rerank,0.000000,0.000000,0.000000,0.500000,0.000000
9296,bm25,0.000000,0.000000,0.000000,0.500000,0.000000
9296,dense,0.386853,0.500000,0.500000,1.000000,0.500000
9296,rrf,0.193426,0.000000,0.500000,1.000000,0.125000
9296,rrf_rerank,0.000000,0.000000,0.000000,1.000000,0.000000
932,bm25,0.441307,0.500000,1.000000,1.000000,0.250000
932,dense,0.264068,0.500000,0.500000,1.000000,0.250000
932,rrf,0.580279,0.500000,1.000000,1.000000,0.500000
932,rrf_rerank,0.218407,0.000000,0.500000,1.000000,0.166667
9329,bm25,0.831555,0.500000,1.000000,1.000000,1.000000
9329,dense,0.613147,0.500000,0.500000,0.500000,1.000000
9329,rrf,0.613147,0.500000,0.500000,1.000000,1.000000
9329,rrf_rerank,0.613147,0.500000,0.500000,1.000000,1.000000
9332,bm25,0.000000,0.000000,0.000000,1.000000,0.000000
9332,dense,0.000000,0.000000,0.000000,1.000000,0.000000
9332,rrf,0.000000,0.000000,0.000000,1.000000,0.000000
9332,rrf_rerank,0.000000,0.000000,0.000000,1.000000,0.000000
9381,bm25,0.000000,0.000000,0.000000,1.000000,0.000000
9381,dense,0.000000,0.000000,0.000000,0.500000,0.000000
9381,rrf,0.264068,0.500000,0.500000,1.000000,0.250000
9381,rrf_rerank,0.877215,1.000000,1.000000,1.000000,1.000000
9385,bm25,0.000000,0.000000,0.000000,1.000000,0.000000
9385,dense,0.356207,0.000000,1.000000,1.000000,0.166667
9385,rrf,0.500000,1.000000,1.000000,1.000000,0.333333
9385,rrf_rerank,0.301030,0.000000,1.000000,1.000000,0.111111
939,bm25,0.289065,0.000000,1.000000,1.000000,0.100000
939,dense,0.630930,1.000000,1.000000,1.000000,0.500000
939,rrf,0.630930,1.000000,1.000000,1.000000,0.500000
939,rrf_rerank,0.430677,1.000000,1.000000,1.000000,0.250000
9391,bm25,0.000000,0.000000,0.000000,0.750000,0.000000
9391,dense,0.553486,0.500000,0.750000,1.000000,0.500000
9391,rrf,0.431186,0.250000,0.750000,0.750000,0.333333
9391,rrf_rerank,0.476163,0.500000,0.750000,0.750000,0.333333
94,bm25,0.430677,1.000000,1.000000,1.000000,0.250000
94,dense,0.630930,1.000000,1.000000,1.000000,0.500000
94,rrf,0.500000,1.000000,1.000000,1.000000,0.333333
94,rrf_rerank,0.430677,1.000000,1.000000,1.000000,0.250000
9403,bm25,0.000000,0.000000,0.000000,0.000000,0.000000
9403,dense,0.000000,0.000000,0.000000,0.000000,0.000000
9403,rrf,0.000000,0.000000,0.000000,0.000000,0.000000
9403,rrf_rerank,0.000000,0.000000,0.000000,0.000000,0.000000
945,bm25,0.000000,0.000000,0.000000,0.000000,0.000000
945,dense,0.356207,0.000000,1.000000,1.000000,0.166667
945,rrf,0.000000,0.000000,0.000000,1.000000,0.000000
945,rrf_rerank,0.000000,0.000000,0.000000,1.000000,0.000000
9481,bm25,0.613147,0.500000,0.500000,1.000000,1.000000
9481,dense,0.624051,1.000000,1.000000,1.000000,0.500000
9481,rrf,0.591235,0.500000,1.000000,1.000000,0.500000
9481,rrf_rerank,0.693426,1.000000,1.000000,1.000000,0.500000
9487,bm25,0.000000,0.000000,0.000000,0.000000,0.000000
9487,dense,0.000000,0.000000,0.000000,1.000000,0.000000
9487,rrf,0.000000,0.000000,0.000000,0.000000,0.000000
9487,rrf_rerank,0.000000,0.000000,0.000000,0.000000,0.000000
9548,bm25,0.000000,0.000000,0.000000,1.000000,0.000000
9548,dense,0.000000,0.000000,0.000000,1.000000,0.000000
9548,rrf,0.000000,0.000000,0.000000,1.000000,0.000000
9548,rrf_rerank,0.000000,0.000000,0.000000,1.000000,0.000000
9556,bm25,0.630930,1.000000,1.000000,1.000000,0.500000
9556,dense,1.000000,1.000000,1.000000,1.000000,1.000000
9556,rrf,1.000000,1.000000,1.000000,1.000000,1.000000
9556,rrf_rerank,0.630930,1.000000,1.000000,1.000000,0.500000
9565,bm25,0.650921,1.000000,1.000000,1.000000,0.500000
9565,dense,1.000000,1.000000,1.000000,1.000000,1.000000
9565,rrf,1.000000,1.000000,1.000000,1.000000,1.000000
9565,rrf_rerank,1.000000,1.000000,1.000000,1.000000,1.000000
957,bm25,0.296082,0.333333,0.333333,0.666667,0.500000
957,dense,0.636439,0.333333,0.666667,0.666667,1.000000
957,rrf,0.703918,0.666667,0.666667,0.666667,1.000000
957,rrf_rerank,0.530721,0.666667,0.666667,0.666667,0.500000
9598,bm25,0.000000,0.000000,0.000000,1.000000,0.000000
9598,dense,0.000000,0.000000,0.000000,1.000000,0.000000
9598,rrf,0.000000,0.000000,0.000000,1.000000,0.000000
9598,rrf_rerank,0.301030,0.000000,1.000000,1.000000,0.111111
9617,bm25,0.000000,0.000000,0.000000,0.666667,0.000000
9617,dense,0.469279,0.333333,0.333333,0.666667,1.000000
9617,rrf,0.181542,0.333333,0.333333,0.666667,0.200000
9617,rrf_rerank,0.401800,0.333333,0.666667,0.666667,0.333333
9633,bm25,0.613147,0.500000,0.500000,0.500000,1.000000
9633,dense,0.306574,0.500000,0.500000,0.500000,0.333333
9633,rrf,0.613147,0.500000,0.500000,0.500000,1.000000
9633,rrf_rerank,0.613147,0.500000,0.500000,0.500000,1.000000
9643,bm25,0.430677,1.000000,1.000000,1.000000,0.250000
9643,dense,0.386853,1.000000,1.000000,1.000000,0.200000
9643,rrf,0.500000,1.000000,1.000000,1.000000,0.333333
9643,rrf_rerank,0.630930,1.000000,1.000000,1.000000,0.500000
9644,bm25,0.333333,0.000000,1.000000,1.000000,0.142857
9644,dense,0.630930,1.000000,1.000000,1.000000,0.500000
9644,rrf,0.630930,1.000000,1.000000,1.000000,0.500000
9644,rrf_rerank,0.333333,0.000000,1.000000,1.000000,0.142857
9646,bm25,0.218407,0.000000,0.500000,1.000000,0.166667
9646,dense,0.613147,0.500000,0.500000,1.000000,1.000000
9646,rrf,0.571429,0.500000,1.000000,1.000000,0.500000
9646,rrf_rerank,0.306574,0.500000,0.500000,1.000000,0.333333
9668,bm25,0.156426,0.000000,0.333333,1.000000,0.142857
9668,dense,0.296082,0.333333,0.333333,1.000000,0.500000
9668,rrf,0.431734,0.333333,0.666667,1.000000,0.500000
9668,rrf_rerank,0.469279,0.333333,0.333333,1.000000,1.000000
9701,bm25,0.000000,0.000000,0.000000,0.000000,0.000000
9701,dense,0.000000,0.000000,0.000000,0.000000,0.000000
9701,rrf,0.000000,0.000000,0.000000,0.000000,0.000000
9701,rrf_rerank,0.000000,0.000000,0.000000,0.000000,0.000000
9733,bm25,0.000000,0.000000,0.000000,0.333333,0.000000
9733,dense,0.202107,0.333333,0.333333,0.333333,0.250000
9733,rrf,0.181542,0.333333,0.333333,0.333333,0.200000
9733,rrf_rerank,0.000000,0.000000,0.000000,0.333333,0.000000
9735,bm25,0.301030,0.000000,1.000000,1.000000,0.111111
9735,dense,0.000000,0.000000,0.000000,1.000000,0.000000
9735,rrf,0.430677,1.000000,1.000000,1.000000,0.250000
9735,rrf_rerank,0.000000,0.000000,0.000000,1.000000,0.000000
9737,bm25,0.967468,1.000000,1.000000,1.000000,1.000000
9737,dense,0.871079,0.666667,1.000000,1.000000,1.000000
9737,rrf,1.000000,1.000000,1.000000,1.000000,1.000000
9737,rrf_rerank,0.967468,1.000000,1.000000,1.000000,1.000000
9771,bm25,0.000000,0.000000,0.000000,0.500000,0.000000
9771,dense,0.000000,0.000000,0.000000,0.000000,0.000000
9771,rrf,0.000000,0.000000,0.000000,0.500000,0.000000
9771,rrf_rerank,0.000000,0.000000,0.000000,0.500000,0.000000
98,bm25,0.000000,0.000000,0.000000,0.000000,0.000000
98,dense,0.613147,0.500000,0.500000,0.500000,1.000000
98,rrf,0.218407,0.000000,0.500000,0.500000,0.166667
98,rrf_rerank,0.000000,0.000000,0.000000,0.500000,0.000000
9808,bm25,0.156426,0.000000,0.333333,0.333333,0.142857
9808,dense,0.469279,0.333333,0.333333,0.666667,1.000000
9808,rrf,0.469279,0.333333,0.333333,0.333333,1.000000
9808,rrf_rerank,0.167160,0.000000,0.333333,0.333333,0.166667
9824,bm25,0.000000,0.000000,0.000000,1.000000,0.000000
9824,dense,1.000000,1.000000,1.000000,1.000000,1.000000
9824,rrf,1.000000,1.000000,1.000000,1.000000,1.000000
9824,rrf_rerank,1.000000,1.000000,1.000000,1.000000,1.000000
9871,bm25,0.130127,0.000000,0.250000,0.250000,0.142857
9871,dense,0.000000,0.000000,0.000000,0.250000,0.000000
9871,rrf,0.246302,0.250000,0.250000,0.250000,0.500000
9871,rrf_rerank,0.000000,0.000000,0.000000,0.250000,0.000000
988,bm25,0.000000,0.000000,0.000000,0.000000,0.000000
988,dense,0.000000,0.000000,0.000000,0.500000,0.000000
988,rrf,0.000000,0.000000,0.000000,0.000000,0.000000
988,rrf_rerank,0.000000,0.000000,0.000000,0.000000,0.000000
9882,bm25,0.000000,0.000000,0.000000,0.000000,0.000000
9882,dense,0.000000,0.000000,0.000000,0.000000,0.000000
9882,rrf,0.000000,0.000000,0.000000,0.000000,0.000000
9882,rrf_rerank,0.000000,0.000000,0.000000,0.000000,0.000000
9925,bm25,0.613147,0.500000,0.500000,1.000000,1.000000
9925,dense,0.613147,0.500000,0.500000,1.000000,1.000000
9925,rrf,0.797723,0.500000,1.000000,1.000000,1.000000
9925,rrf_rerank,0.850345,1.000000,1.000000,1.000000,1.000000
9929,bm25,0.000000,0.000000,0.000000,0.500000,0.000000
9929,dense,0.613147,0.500000,0.500000,1.000000,1.000000
9929,rrf,0.386853,0.500000,0.500000,1.000000,0.500000
9929,rrf_rerank,0.000000,0.000000,0.000000,1.000000,0.000000
9961,bm25,0.630930,1.000000,1.000000,1.000000,0.500000
9961,dense,0.000000,0.000000,0.000000,1.000000,0.000000
9961,rrf,0.000000,0.000000,0.000000,1.000000,0.000000
9961,rrf_rerank,0.356207,0.000000,1.000000,1.000000,0.166667
9979,bm25,0.246302,0.250000,0.250000,1.000000,0.500000
9979,dense,0.390380,0.250000,0.250000,0.750000,1.000000
9979,rrf,0.503225,0.250000,0.500000,0.750000,1.000000
9979,rrf_rerank,0.541400,0.500000,0.500000,0.750000,1.000000
